-- MySQL dump 10.13  Distrib 8.0.31, for Win64 (x86_64)
--
-- Host: localhost    Database: campus_ordering_system
-- ------------------------------------------------------
-- Server version	5.7.40

/*!40101 SET @OLD_CHARACTER_SET_CLIENT=@@CHARACTER_SET_CLIENT */;
/*!40101 SET @OLD_CHARACTER_SET_RESULTS=@@CHARACTER_SET_RESULTS */;
/*!40101 SET @OLD_COLLATION_CONNECTION=@@COLLATION_CONNECTION */;
/*!50503 SET NAMES utf8mb4 */;
/*!40103 SET @OLD_TIME_ZONE=@@TIME_ZONE */;
/*!40103 SET TIME_ZONE='+00:00' */;
/*!40014 SET @OLD_UNIQUE_CHECKS=@@UNIQUE_CHECKS, UNIQUE_CHECKS=0 */;
/*!40014 SET @OLD_FOREIGN_KEY_CHECKS=@@FOREIGN_KEY_CHECKS, FOREIGN_KEY_CHECKS=0 */;
/*!40101 SET @OLD_SQL_MODE=@@SQL_MODE, SQL_MODE='NO_AUTO_VALUE_ON_ZERO' */;
/*!40111 SET @OLD_SQL_NOTES=@@SQL_NOTES, SQL_NOTES=0 */;

--
-- Current Database: `campus_ordering_system`
--

CREATE DATABASE /*!32312 IF NOT EXISTS*/ `campus_ordering_system` /*!40100 DEFAULT CHARACTER SET utf8mb4 COLLATE utf8mb4_unicode_ci */;

USE `campus_ordering_system`;

--
-- Table structure for table `merchant_apply`
--

DROP TABLE IF EXISTS `merchant_apply`;
/*!40101 SET @saved_cs_client     = @@character_set_client */;
/*!50503 SET character_set_client = utf8mb4 */;
CREATE TABLE `merchant_apply` (
  `apply_id` bigint(20) NOT NULL AUTO_INCREMENT,
  `user_id` bigint(20) NOT NULL COMMENT 'з”іиҜ·дәәз”ЁжҲ·ID',
  `applicant_name` varchar(50) COLLATE utf8mb4_unicode_ci DEFAULT NULL COMMENT 'з”іиҜ·дәәе§“еҗҚ',
  `applicant_phone` varchar(11) COLLATE utf8mb4_unicode_ci DEFAULT NULL COMMENT 'з”іиҜ·дәәжүӢжңәеҸ·',
  `applicant_id_card` varchar(18) COLLATE utf8mb4_unicode_ci DEFAULT NULL COMMENT 'з”іиҜ·дәәиә«д»ҪиҜҒеҸ·',
  `shop_name` varchar(100) COLLATE utf8mb4_unicode_ci NOT NULL COMMENT 'еә—й“әеҗҚз§°',
  `shop_description` text COLLATE utf8mb4_unicode_ci COMMENT 'еә—й“әжҸҸиҝ°',
  `shop_type` int(11) DEFAULT NULL COMMENT 'еә—й“әзұ»еһӢпјҡ1-еҝ«йӨҗ 2-е°Ҹеҗғ 3-йҘ®е“Ғ 4-ж°ҙжһң 5-и¶…еёӮ 6-е…¶д»–',
  `delivery_fee` decimal(10,2) DEFAULT '0.00' COMMENT 'йў„и®Ўй…ҚйҖҒиҙ№',
  `business_license` varchar(500) COLLATE utf8mb4_unicode_ci DEFAULT NULL COMMENT 'иҗҘдёҡжү§з…§URL',
  `id_card_front` varchar(500) COLLATE utf8mb4_unicode_ci DEFAULT NULL COMMENT 'иә«д»ҪиҜҒжӯЈйқўURL',
  `id_card_back` varchar(500) COLLATE utf8mb4_unicode_ci DEFAULT NULL COMMENT 'иә«д»ҪиҜҒеҸҚйқўURL',
  `audit_status` int(11) DEFAULT '0' COMMENT 'е®Ўж ёзҠ¶жҖҒпјҡ0-еҫ…е®Ўж ё 1-е·ІйҖҡиҝҮ 2-е·ІжӢ’з»қ',
  `audit_remark` varchar(500) COLLATE utf8mb4_unicode_ci DEFAULT NULL COMMENT 'е®Ўж ёж„Ҹи§Ғ',
  `audit_user_id` bigint(20) DEFAULT NULL COMMENT 'е®Ўж ёдәәID',
  `audit_time` datetime DEFAULT NULL COMMENT 'е®Ўж ёж—¶й—ҙ',
  `create_time` datetime DEFAULT CURRENT_TIMESTAMP,
  `update_time` datetime DEFAULT CURRENT_TIMESTAMP ON UPDATE CURRENT_TIMESTAMP,
  `is_deleted` int(11) DEFAULT '0',
  PRIMARY KEY (`apply_id`)
) ENGINE=InnoDB AUTO_INCREMENT=8 DEFAULT CHARSET=utf8mb4 COLLATE=utf8mb4_unicode_ci;
/*!40101 SET character_set_client = @saved_cs_client */;

--
-- Dumping data for table `merchant_apply`
--

LOCK TABLES `merchant_apply` WRITE;
/*!40000 ALTER TABLE `merchant_apply` DISABLE KEYS */;
INSERT INTO `merchant_apply` VALUES (1,7,'еј иҖҒжқҝ','13900139001',NULL,'з¬¬дёҖйЈҹе Ӯеҝ«йӨҗ','ж Ўеӣӯз¬¬дёҖйЈҹе ӮпјҢжҸҗдҫӣзҫҺе‘іе®һжғ зҡ„еҝ«йӨҗ',1,1.00,'https://firstaliyun-twk.oss-cn-beijing.aliyuncs.com/images/20260505/8fe8d54549c74b41a316ab889feae966.jpeg','https://firstaliyun-twk.oss-cn-beijing.aliyuncs.com/images/20260505/8fe8d54549c74b41a316ab889feae966.jpeg','https://firstaliyun-twk.oss-cn-beijing.aliyuncs.com/images/20260505/8fe8d54549c74b41a316ab889feae966.jpeg',1,'е®Ўж ёйҖҡиҝҮ',NULL,NULL,'2024-01-15 10:00:00','2026-05-05 17:34:45',0);
INSERT INTO `merchant_apply` VALUES (2,8,'жқҺиҖҒжқҝ','13900139002',NULL,'еҝ«д№җеҘ¶иҢ¶еә—','ж–°йІңеҘ¶иҢ¶пјҢеҝ«д№җжҜҸдёҖеӨ©',3,0.00,'https://firstaliyun-twk.oss-cn-beijing.aliyuncs.com/images/20260505/8fe8d54549c74b41a316ab889feae966.jpeg','https://firstaliyun-twk.oss-cn-beijing.aliyuncs.com/images/20260505/8fe8d54549c74b41a316ab889feae966.jpeg','https://firstaliyun-twk.oss-cn-beijing.aliyuncs.com/images/20260505/8fe8d54549c74b41a316ab889feae966.jpeg',1,'е®Ўж ёйҖҡиҝҮ',NULL,NULL,'2024-01-16 14:30:00','2026-05-05 17:34:45',0);
INSERT INTO `merchant_apply` VALUES (3,9,'зҺӢиҖҒжқҝ','13900139003',NULL,'ж—©йӨҗе°Ҹй“ә','иҗҘе…»ж—©йӨҗпјҢејҖеҗҜзҫҺеҘҪдёҖеӨ©',3,0.50,'https://firstaliyun-twk.oss-cn-beijing.aliyuncs.com/images/20260505/8fe8d54549c74b41a316ab889feae966.jpeg','https://firstaliyun-twk.oss-cn-beijing.aliyuncs.com/images/20260505/8fe8d54549c74b41a316ab889feae966.jpeg','https://firstaliyun-twk.oss-cn-beijing.aliyuncs.com/images/20260505/8fe8d54549c74b41a316ab889feae966.jpeg',1,'е®Ўж ёйҖҡиҝҮ',NULL,NULL,'2024-01-17 09:00:00','2026-05-05 17:34:45',0);
INSERT INTO `merchant_apply` VALUES (4,10,'иөөиҖҒжқҝ','13900139004',NULL,'йӣ¶йЈҹе°ҸеҚ–йғЁ','еҗ„з§Қйӣ¶йЈҹпјҢж»Ўи¶ідҪ зҡ„е‘іи•ҫ',2,1.50,'https://firstaliyun-twk.oss-cn-beijing.aliyuncs.com/images/20260505/8fe8d54549c74b41a316ab889feae966.jpeg','https://firstaliyun-twk.oss-cn-beijing.aliyuncs.com/images/20260505/8fe8d54549c74b41a316ab889feae966.jpeg','https://firstaliyun-twk.oss-cn-beijing.aliyuncs.com/images/20260505/8fe8d54549c74b41a316ab889feae966.jpeg',1,'е®Ўж ёйҖҡиҝҮ',NULL,NULL,'2024-01-18 16:00:00','2026-05-05 17:34:45',0);
INSERT INTO `merchant_apply` VALUES (5,11,'еҲҳиҖҒжқҝ','13900139005',NULL,'е·қе‘іе®¶еёёиҸң','жӯЈе®—е·қиҸңпјҢйә»иҫЈйІңйҰҷ',1,2.00,'https://firstaliyun-twk.oss-cn-beijing.aliyuncs.com/images/20260505/8fe8d54549c74b41a316ab889feae966.jpeg','https://firstaliyun-twk.oss-cn-beijing.aliyuncs.com/images/20260505/8fe8d54549c74b41a316ab889feae966.jpeg','https://firstaliyun-twk.oss-cn-beijing.aliyuncs.com/images/20260505/8fe8d54549c74b41a316ab889feae966.jpeg',1,'е®Ўж ёйҖҡиҝҮ',NULL,NULL,'2024-01-19 11:00:00','2026-05-05 17:34:45',0);
INSERT INTO `merchant_apply` VALUES (6,2,'еј дёү','13800138001',NULL,'еӯҰз”ҹеҲӣдёҡе°Ҹеә—','еӯҰз”ҹиҮӘдё»еҲӣдёҡпјҢе”®еҚ–ж–Үе…·з”Ёе“Ғ',6,1.00,'https://firstaliyun-twk.oss-cn-beijing.aliyuncs.com/images/20260505/8fe8d54549c74b41a316ab889feae966.jpeg','https://firstaliyun-twk.oss-cn-beijing.aliyuncs.com/images/20260505/8fe8d54549c74b41a316ab889feae966.jpeg','https://firstaliyun-twk.oss-cn-beijing.aliyuncs.com/images/20260505/8fe8d54549c74b41a316ab889feae966.jpeg',0,NULL,NULL,NULL,'2024-03-20 10:00:00','2026-05-05 17:34:45',0);
INSERT INTO `merchant_apply` VALUES (7,3,'жқҺеӣӣ','13800138002',NULL,'жқҺеӣӣж°ҙжһңж‘Ҡ','ж–°йІңж°ҙжһңпјҢжҜҸж—Ҙй…ҚйҖҒ',4,0.00,'https://firstaliyun-twk.oss-cn-beijing.aliyuncs.com/images/20260505/8fe8d54549c74b41a316ab889feae966.jpeg','https://firstaliyun-twk.oss-cn-beijing.aliyuncs.com/images/20260505/8fe8d54549c74b41a316ab889feae966.jpeg','https://firstaliyun-twk.oss-cn-beijing.aliyuncs.com/images/20260505/8fe8d54549c74b41a316ab889feae966.jpeg',2,'иө„иҙЁдёҚе…ЁпјҢиҜ·иЎҘе……иҗҘдёҡжү§з…§',NULL,NULL,'2024-03-15 14:00:00','2026-05-05 17:34:45',0);
/*!40000 ALTER TABLE `merchant_apply` ENABLE KEYS */;
UNLOCK TABLES;

--
-- Table structure for table `order_info`
--

DROP TABLE IF EXISTS `order_info`;
/*!40101 SET @saved_cs_client     = @@character_set_client */;
/*!50503 SET character_set_client = utf8mb4 */;
CREATE TABLE `order_info` (
  `order_id` bigint(20) NOT NULL AUTO_INCREMENT COMMENT 'и®ўеҚ•ID',
  `order_no` varchar(32) COLLATE utf8mb4_unicode_ci NOT NULL COMMENT 'и®ўеҚ•зј–еҸ·пјҲе”ҜдёҖпјҢе№Ӯзӯүз”Ёпјү',
  `user_id` bigint(20) NOT NULL COMMENT 'дёӢеҚ•з”ЁжҲ·ID',
  `shop_id` bigint(20) NOT NULL COMMENT 'жүҖеұһеә—й“әID',
  `receiver_name` varchar(32) COLLATE utf8mb4_unicode_ci NOT NULL COMMENT 'ж”¶иҙ§дәәе§“еҗҚ',
  `receiver_phone` varchar(11) COLLATE utf8mb4_unicode_ci NOT NULL COMMENT 'ж”¶иҙ§дәәжүӢжңәеҸ·',
  `receiver_address` varchar(255) COLLATE utf8mb4_unicode_ci NOT NULL COMMENT 'ж”¶иҙ§ең°еқҖ',
  `total_amount` decimal(10,2) NOT NULL DEFAULT '0.00' COMMENT 'и®ўеҚ•жҖ»йҮ‘йўқ',
  `product_amount` decimal(10,2) NOT NULL DEFAULT '0.00' COMMENT 'е•Ҷе“ҒжҖ»йҮ‘йўқ',
  `delivery_fee` decimal(10,2) NOT NULL DEFAULT '0.00' COMMENT 'й…ҚйҖҒиҙ№',
  `discount_amount` decimal(10,2) NOT NULL DEFAULT '0.00' COMMENT 'дјҳжғ йҮ‘йўқ',
  `pay_amount` decimal(10,2) NOT NULL DEFAULT '0.00' COMMENT 'е®һд»ҳйҮ‘йўқ',
  `pay_type` tinyint(4) DEFAULT NULL COMMENT 'ж”Ҝд»ҳж–№ејҸпјҡ1-еҫ®дҝЎж”Ҝд»ҳ 2-ж”Ҝд»ҳе®қж”Ҝд»ҳ',
  `order_status` tinyint(4) NOT NULL DEFAULT '0' COMMENT 'и®ўеҚ•зҠ¶жҖҒпјҡ0-еҫ…ж”Ҝд»ҳ 1-еҫ…жҺҘеҚ• 2-еҫ…еӨҮйӨҗ 3-еҫ…еҮәйӨҗ 4-й…ҚйҖҒдёӯ 5-е·Іе®ҢжҲҗ 6-е·ІеҸ–ж¶Ҳ 7-йҖҖж¬ҫдёӯ 8-е·ІйҖҖж¬ҫ',
  `pay_status` tinyint(4) NOT NULL DEFAULT '0' COMMENT 'ж”Ҝд»ҳзҠ¶жҖҒпјҡ0-жңӘж”Ҝд»ҳ 1-е·Іж”Ҝд»ҳ 2-е·ІйҖҖж¬ҫ',
  `order_remark` varchar(255) COLLATE utf8mb4_unicode_ci DEFAULT '' COMMENT 'и®ўеҚ•еӨҮжіЁ',
  `pay_time` datetime DEFAULT NULL COMMENT 'ж”Ҝд»ҳж—¶й—ҙ',
  `accept_time` datetime DEFAULT NULL COMMENT 'е•Ҷе®¶жҺҘеҚ•ж—¶й—ҙ',
  `delivery_time` datetime DEFAULT NULL COMMENT 'еҮәйӨҗ/й…ҚйҖҒж—¶й—ҙ',
  `finish_time` datetime DEFAULT NULL COMMENT 'и®ўеҚ•е®ҢжҲҗж—¶й—ҙ',
  `cancel_time` datetime DEFAULT NULL COMMENT 'и®ўеҚ•еҸ–ж¶Ҳж—¶й—ҙ',
  `cancel_reason` varchar(255) COLLATE utf8mb4_unicode_ci DEFAULT '' COMMENT 'еҸ–ж¶ҲеҺҹеӣ ',
  `expire_time` datetime NOT NULL COMMENT 'и®ўеҚ•ж”Ҝд»ҳиҝҮжңҹж—¶й—ҙ',
  `create_time` datetime NOT NULL DEFAULT CURRENT_TIMESTAMP COMMENT 'еҲӣе»әж—¶й—ҙ',
  `update_time` datetime NOT NULL DEFAULT CURRENT_TIMESTAMP ON UPDATE CURRENT_TIMESTAMP COMMENT 'жӣҙж–°ж—¶й—ҙ',
  `is_deleted` tinyint(4) NOT NULL DEFAULT '0' COMMENT 'йҖ»иҫ‘еҲ йҷӨ',
  PRIMARY KEY (`order_id`),
  UNIQUE KEY `uk_order_no` (`order_no`),
  KEY `idx_user_id` (`user_id`),
  KEY `idx_shop_id` (`shop_id`),
  KEY `idx_pay_type` (`pay_type`),
  KEY `idx_order_status` (`order_status`),
  KEY `idx_pay_status` (`pay_status`),
  KEY `idx_expire_time` (`expire_time`),
  KEY `idx_create_time` (`create_time`),
  KEY `idx_shop_status_time` (`shop_id`,`order_status`,`create_time`),
  KEY `idx_user_status_time` (`user_id`,`order_status`,`create_time`)
) ENGINE=InnoDB AUTO_INCREMENT=109 DEFAULT CHARSET=utf8mb4 COLLATE=utf8mb4_unicode_ci COMMENT='и®ўеҚ•дё»иЎЁ';
/*!40101 SET character_set_client = @saved_cs_client */;

--
-- Dumping data for table `order_info`
--

LOCK TABLES `order_info` WRITE;
/*!40000 ALTER TABLE `order_info` DISABLE KEYS */;
INSERT INTO `order_info` VALUES (1,'202403200001',2,1,'еј дёү','13800138001','дёңж ЎеҢә3еҸ·жҘј502е®Ө',31.00,30.00,1.00,0.00,31.00,1,5,1,'еӨҡж”ҫиҫЈжӨ’','2024-03-20 12:05:00',NULL,NULL,NULL,NULL,'','2024-03-20 12:30:00','2026-04-17 19:49:44','2026-05-05 19:49:44',0);
INSERT INTO `order_info` VALUES (2,'202403200002',3,2,'жқҺеӣӣ','13800138002','дёңж ЎеҢә3еҸ·жҘј503е®Ө',25.00,25.00,0.00,0.00,25.00,2,5,1,'е°‘зі–','2024-03-20 14:03:00',NULL,NULL,NULL,NULL,'','2024-03-20 14:30:00','2026-04-08 19:49:44','2026-05-05 19:49:44',0);
INSERT INTO `order_info` VALUES (3,'202403200003',4,3,'зҺӢдә”','13800138003','иҘҝж ЎеҢә5еҸ·жҘј301е®Ө',15.50,15.00,0.50,0.00,15.50,1,4,1,'','2024-03-20 18:02:00',NULL,NULL,NULL,NULL,'','2024-03-20 18:30:00','2026-04-14 19:49:44','2026-05-05 19:49:44',0);
INSERT INTO `order_info` VALUES (4,'202403210001',2,5,'еј дёү','13800138001','дёңж ЎеҢә3еҸ·жҘј502е®Ө',50.00,48.00,2.00,0.00,50.00,1,5,1,'дёҚиҰҒйҰҷиҸң','2024-03-21 12:04:00',NULL,NULL,NULL,NULL,'','2024-03-21 12:30:00','2026-04-11 19:49:44','2026-05-05 19:49:44',0);
INSERT INTO `order_info` VALUES (5,'202403210002',5,4,'иөөе…ӯ','13800138004','иҘҝж ЎеҢә5еҸ·жҘј302е®Ө',22.50,21.00,1.50,0.00,22.50,2,3,1,'','2024-03-21 15:01:00',NULL,NULL,NULL,NULL,'','2024-03-21 15:30:00','2026-05-05 19:49:44','2026-05-05 19:49:44',0);
INSERT INTO `order_info` VALUES (6,'202403220001',6,1,'й’ұдёғ','13800138005','дёңж ЎеҢә4еҸ·жҘј201е®Ө',16.00,15.00,1.00,0.00,16.00,1,1,1,'','2024-03-22 11:32:00',NULL,NULL,NULL,NULL,'','2024-03-22 12:00:00','2026-04-17 19:49:44','2026-05-05 19:49:44',0);
INSERT INTO `order_info` VALUES (7,'202403220002',2,2,'еј дёү','13800138001','дёңж ЎеҢә3еҸ·жҘј502е®Ө',36.00,36.00,0.00,0.00,36.00,1,6,0,'еҠ зҸҚзҸ ',NULL,NULL,NULL,NULL,'2026-05-09 20:49:09','з”ЁжҲ·дё»еҠЁеҸ–ж¶Ҳ','2024-03-22 16:30:00','2026-05-04 19:49:44','2026-05-05 19:49:44',0);
INSERT INTO `order_info` VALUES (8,'202403220003',3,3,'жқҺеӣӣ','13800138002','дёңж ЎеҢә3еҸ·жҘј503е®Ө',10.50,10.00,0.50,0.00,10.50,2,6,0,'',NULL,NULL,NULL,NULL,NULL,'','2024-03-22 09:30:00','2026-04-26 19:49:44','2026-05-05 19:49:44',0);
INSERT INTO `order_info` VALUES (9,'202403230001',12,1,'еӯҷе…«','13800138006','дёңж ЎеҢә6еҸ·жҘј101е®Ө',28.00,27.00,1.00,0.00,28.00,1,5,1,'еҫ®иҫЈ','2024-03-23 12:35:00',NULL,NULL,NULL,NULL,'','2024-03-23 13:00:00','2026-04-21 19:49:44','2026-05-05 19:49:44',0);
INSERT INTO `order_info` VALUES (10,'202403230002',13,2,'е‘Ёд№қ','13800138007','иҘҝж ЎеҢә7еҸ·жҘј202е®Ө',27.00,27.00,0.00,0.00,27.00,2,5,1,'','2024-03-23 14:05:00',NULL,NULL,NULL,NULL,'','2024-03-23 14:30:00','2026-04-21 19:49:44','2026-05-05 19:49:44',0);
INSERT INTO `order_info` VALUES (11,'202403230003',14,3,'еҗҙеҚҒ','13800138008','дёңж ЎеҢә8еҸ·жҘј303е®Ө',12.00,11.00,1.00,0.00,12.00,1,4,1,'еӨҡеҠ и‘ұиҠұ','2024-03-23 08:05:00',NULL,NULL,NULL,NULL,'','2024-03-23 08:30:00','2026-05-05 19:49:44','2026-05-05 19:49:44',0);
INSERT INTO `order_info` VALUES (12,'202403230004',15,4,'йғ‘еҚҒдёҖ','13800138009','иҘҝж ЎеҢә9еҸ·жҘј404е®Ө',35.00,33.00,2.00,0.00,35.00,1,5,1,'','2024-03-23 16:08:00',NULL,NULL,NULL,NULL,'','2024-03-23 16:30:00','2026-04-18 19:49:44','2026-05-05 19:49:44',0);
INSERT INTO `order_info` VALUES (13,'202403240001',16,5,'еҶҜеҚҒдәҢ','13800138010','дёңж ЎеҢә10еҸ·жҘј505е®Ө',68.00,66.00,2.00,0.00,68.00,1,5,1,'ж°ҙз…®йұјиҰҒзү№иҫЈ','2024-03-24 12:10:00',NULL,NULL,NULL,NULL,'','2024-03-24 12:30:00','2026-04-09 19:49:44','2026-05-05 19:49:44',0);
INSERT INTO `order_info` VALUES (14,'202403240002',17,1,'йҷҲеҚҒдёү','13800138011','иҘҝж ЎеҢә11еҸ·жҘј606е®Ө',45.00,44.00,1.00,0.00,45.00,1,4,1,'','2024-03-24 18:35:00',NULL,NULL,NULL,NULL,'','2024-03-24 19:00:00','2026-04-15 19:49:44','2026-05-05 19:49:44',0);
INSERT INTO `order_info` VALUES (15,'202403240003',18,2,'иӨҡеҚҒеӣӣ','13800138012','дёңж ЎеҢә12еҸ·жҘј707е®Ө',42.00,42.00,0.00,0.00,42.00,2,5,1,'еҺ»еҶ°','2024-03-24 15:03:00',NULL,NULL,NULL,NULL,'','2024-03-24 15:30:00','2026-04-14 19:49:44','2026-05-05 19:49:44',0);
INSERT INTO `order_info` VALUES (16,'202403250001',19,3,'еҚ«еҚҒдә”','13800138013','иҘҝж ЎеҢә13еҸ·жҘј808е®Ө',18.00,17.00,1.00,0.00,18.00,1,4,1,'','2024-03-25 07:35:00',NULL,NULL,NULL,NULL,'','2024-03-25 08:00:00','2026-04-18 19:49:44','2026-05-05 19:49:44',0);
INSERT INTO `order_info` VALUES (17,'202403250002',20,4,'и’ӢеҚҒе…ӯ','13800138014','дёңж ЎеҢә14еҸ·жҘј909е®Ө',28.00,26.00,2.00,0.00,28.00,1,5,1,'иҰҒдҝқжё©иўӢ','2024-03-25 20:05:00',NULL,NULL,NULL,NULL,'','2024-03-25 20:30:00','2026-04-14 19:49:44','2026-05-05 19:49:44',0);
INSERT INTO `order_info` VALUES (18,'202403250003',21,5,'жІҲеҚҒдёғ','13800138015','иҘҝж ЎеҢә15еҸ·жҘј1010е®Ө',56.00,54.00,2.00,0.00,56.00,1,2,1,'','2024-03-25 12:08:00',NULL,NULL,NULL,NULL,'','2024-03-25 12:30:00','2026-04-09 19:49:44','2026-05-05 19:49:44',0);
INSERT INTO `order_info` VALUES (19,'202403260001',22,1,'йҹ©еҚҒе…«','13800138016','дёңж ЎеҢә16еҸ·жҘј1111е®Ө',33.00,32.00,1.00,0.00,33.00,1,5,1,'е°‘зӣҗ','2024-03-26 12:35:00',NULL,NULL,NULL,NULL,'','2024-03-26 13:00:00','2026-04-28 19:49:44','2026-05-05 19:49:44',0);
INSERT INTO `order_info` VALUES (20,'202403260002',23,2,'жқЁеҚҒд№қ','13800138017','иҘҝж ЎеҢә17еҸ·жҘј1212е®Ө',24.00,24.00,0.00,0.00,24.00,2,1,1,'','2024-03-26 10:02:00',NULL,NULL,NULL,NULL,'','2024-03-26 10:30:00','2026-04-16 19:49:44','2026-05-05 19:49:44',0);
INSERT INTO `order_info` VALUES (21,'202403260003',24,3,'жңұдәҢеҚҒ','13800138018','дёңж ЎеҢә18еҸ·жҘј1313е®Ө',15.50,15.00,0.50,0.00,15.50,1,6,1,'еҠ иҫЈ','2024-03-26 08:03:00',NULL,NULL,NULL,NULL,'','2024-03-26 08:30:00','2026-04-23 19:49:44','2026-05-05 19:49:44',0);
INSERT INTO `order_info` VALUES (22,'202403270001',25,4,'з§ҰдәҢдёҖ','13800138019','иҘҝж ЎеҢә19еҸ·жҘј1414е®Ө',19.00,18.00,1.00,0.00,19.00,1,5,1,'','2024-03-27 14:05:00',NULL,NULL,NULL,NULL,'','2024-03-27 14:30:00','2026-05-01 19:49:44','2026-05-05 19:49:44',0);
INSERT INTO `order_info` VALUES (23,'202403270002',26,5,'е°ӨдәҢдәҢ','13800138020','дёңж ЎеҢә20еҸ·жҘј1515е®Ө',42.00,40.00,2.00,0.00,42.00,1,3,1,'дёҚиҰҒиҠұжӨ’','2024-03-27 19:08:00',NULL,NULL,NULL,NULL,'','2024-03-27 19:30:00','2026-04-20 19:49:44','2026-05-05 19:49:44',0);
INSERT INTO `order_info` VALUES (24,'202403270003',27,1,'и®ёдәҢдёү','13800138021','иҘҝж ЎеҢә21еҸ·жҘј1616е®Ө',26.00,25.00,1.00,0.00,26.00,1,4,1,'','2024-03-27 12:05:00',NULL,NULL,NULL,NULL,'','2024-03-27 12:30:00','2026-05-04 19:49:44','2026-05-05 19:49:44',0);
INSERT INTO `order_info` VALUES (25,'202403280001',28,2,'дҪ•дәҢеӣӣ','13800138022','дёңж ЎеҢә22еҸ·жҘј1717е®Ө',31.00,31.00,0.00,0.00,31.00,2,5,1,'еҚҠзі–','2024-03-28 15:03:00',NULL,NULL,NULL,NULL,'','2024-03-28 15:30:00','2026-04-11 19:49:44','2026-05-05 19:49:44',0);
INSERT INTO `order_info` VALUES (26,'202403280002',29,3,'еҗ•дәҢдә”','13800138023','иҘҝж ЎеҢә23еҸ·жҘј1818е®Ө',22.00,21.00,1.00,0.00,22.00,1,2,1,'','2024-03-28 07:05:00',NULL,NULL,NULL,NULL,'','2024-03-28 07:30:00','2026-04-10 19:49:44','2026-05-05 19:49:44',0);
INSERT INTO `order_info` VALUES (27,'202403280003',30,4,'ж–ҪдәҢе…ӯ','13800138024','дёңж ЎеҢә24еҸ·жҘј1919е®Ө',46.00,44.00,2.00,0.00,46.00,1,5,1,'','2024-03-28 17:08:00',NULL,NULL,NULL,NULL,'','2024-03-28 17:30:00','2026-04-09 19:49:44','2026-05-05 19:49:44',0);
INSERT INTO `order_info` VALUES (28,'202403290001',31,5,'еј дәҢдёғ','13800138025','иҘҝж ЎеҢә25еҸ·жҘј2020е®Ө',38.00,36.00,2.00,0.00,38.00,1,1,1,'еҫ®иҫЈе°ұеҘҪ','2024-03-29 12:05:00',NULL,NULL,NULL,NULL,'','2024-03-29 12:30:00','2026-04-11 19:49:44','2026-05-05 19:49:44',0);
INSERT INTO `order_info` VALUES (29,'202403290002',32,1,'еӯ”дәҢе…«','13800138026','дёңж ЎеҢә26еҸ·жҘј2121е®Ө',17.00,16.00,1.00,0.00,17.00,1,6,0,'',NULL,NULL,NULL,NULL,NULL,'','2024-03-29 18:30:00','2026-04-22 19:49:44','2026-05-05 19:49:44',0);
INSERT INTO `order_info` VALUES (30,'202403290003',33,2,'жӣ№дәҢд№қ','13800138027','иҘҝж ЎеҢә27еҸ·жҘј2222е®Ө',25.00,25.00,0.00,0.00,25.00,2,0,0,'жӯЈеёёеҶ°',NULL,NULL,NULL,NULL,NULL,'','2024-03-29 14:30:00','2026-04-14 19:49:44','2026-05-05 19:49:44',0);
INSERT INTO `order_info` VALUES (31,'202403300001',34,3,'дёҘдёүеҚҒ','13800138028','дёңж ЎеҢә28еҸ·жҘј2323е®Ө',8.50,8.00,0.50,0.00,8.50,1,5,1,'','2024-03-30 07:32:00',NULL,NULL,NULL,NULL,'','2024-03-30 08:00:00','2026-04-26 19:49:44','2026-05-05 19:49:44',0);
INSERT INTO `order_info` VALUES (32,'202403300002',35,4,'еҚҺдёүеҚҒдёҖ','13800138029','иҘҝж ЎеҢә29еҸ·жҘј2424е®Ө',14.00,12.00,2.00,0.00,14.00,1,4,1,'','2024-03-30 16:05:00',NULL,NULL,NULL,NULL,'','2024-03-30 16:30:00','2026-04-23 19:49:44','2026-05-05 19:49:44',0);
INSERT INTO `order_info` VALUES (33,'202403300003',36,5,'йҮ‘дёүдәҢ','13800138030','дёңж ЎеҢә30еҸ·жҘј2525е®Ө',52.00,50.00,2.00,0.00,52.00,1,5,1,'еӨҡж”ҫиҫЈ','2024-03-30 19:08:00',NULL,NULL,NULL,NULL,'','2024-03-30 19:30:00','2026-04-30 19:49:44','2026-05-05 19:49:44',0);
INSERT INTO `order_info` VALUES (51,'2053160649143365632',2,2,'еј дёү','13800138001','дёңж ЎеҢә3еҸ·жҘј502е®Ө',15.00,15.00,0.00,0.00,15.00,1,6,0,'',NULL,NULL,NULL,NULL,'2026-05-10 02:45:10','з”ЁжҲ·дё»еҠЁеҸ–ж¶Ҳ','2026-05-10 01:25:19','2026-05-10 01:10:19','2026-05-10 01:10:19',0);
INSERT INTO `order_info` VALUES (52,'2053160678260224000',2,2,'еј дёү','13800138001','дёңж ЎеҢә3еҸ·жҘј502е®Ө',15.00,15.00,0.00,0.00,15.00,1,6,0,'',NULL,NULL,NULL,NULL,'2026-05-10 01:20:18','з”ЁжҲ·дё»еҠЁеҸ–ж¶Ҳ','2026-05-10 01:25:26','2026-05-10 01:10:26','2026-05-10 01:10:26',0);
INSERT INTO `order_info` VALUES (53,'2053160692382445568',2,2,'еј дёү','13800138001','дёңж ЎеҢә3еҸ·жҘј502е®Ө',15.00,15.00,0.00,0.00,15.00,2,6,0,'',NULL,NULL,NULL,NULL,'2026-05-10 01:20:16','з”ЁжҲ·дё»еҠЁеҸ–ж¶Ҳ','2026-05-10 01:25:30','2026-05-10 01:10:30','2026-05-10 01:10:30',0);
INSERT INTO `order_info` VALUES (54,'2053161032418865152',2,2,'еј дёү','13800138001','дёңж ЎеҢә3еҸ·жҘј502е®Ө',15.00,15.00,0.00,0.00,15.00,1,6,0,'',NULL,NULL,NULL,NULL,'2026-05-10 01:20:14','з”ЁжҲ·дё»еҠЁеҸ–ж¶Ҳ','2026-05-10 01:26:51','2026-05-10 01:11:51','2026-05-10 17:22:09',1);
INSERT INTO `order_info` VALUES (55,'2053161052308254720',2,2,'еј дёү','13800138001','дёңж ЎеҢә3еҸ·жҘј502е®Ө',15.00,15.00,0.00,0.00,15.00,2,6,0,'',NULL,NULL,NULL,NULL,'2026-05-10 01:20:07','з”ЁжҲ·дё»еҠЁеҸ–ж¶Ҳ','2026-05-10 01:26:55','2026-05-10 01:11:55','2026-05-10 17:22:03',1);
INSERT INTO `order_info` VALUES (56,'2053161198177759232',2,2,'еј дёү','13800138001','дёңж ЎеҢә3еҸ·жҘј502е®Ө',15.00,15.00,0.00,0.00,15.00,2,6,0,'',NULL,NULL,NULL,NULL,'2026-05-10 01:20:11','з”ЁжҲ·дё»еҠЁеҸ–ж¶Ҳ','2026-05-10 01:27:30','2026-05-10 01:12:30','2026-05-10 17:22:03',1);
INSERT INTO `order_info` VALUES (57,'2053161215290519552',2,2,'еј дёү','13800138001','дёңж ЎеҢә3еҸ·жҘј502е®Ө',15.00,15.00,0.00,0.00,15.00,1,6,0,'',NULL,NULL,NULL,NULL,'2026-05-10 01:20:09','з”ЁжҲ·дё»еҠЁеҸ–ж¶Ҳ','2026-05-10 01:27:34','2026-05-10 01:12:34','2026-05-10 17:22:03',1);
INSERT INTO `order_info` VALUES (58,'2053161348199624704',2,2,'еј дёү','13800138001','дёңж ЎеҢә3еҸ·жҘј502е®Ө',15.00,15.00,0.00,0.00,15.00,1,6,0,'',NULL,NULL,NULL,NULL,'2026-05-10 02:45:06','з”ЁжҲ·дё»еҠЁеҸ–ж¶Ҳ','2026-05-10 01:28:06','2026-05-10 01:13:06','2026-05-10 17:22:03',1);
INSERT INTO `order_info` VALUES (59,'2053161366839111680',2,2,'еј дёү','13800138001','дёңж ЎеҢә3еҸ·жҘј502е®Ө',15.00,15.00,0.00,0.00,15.00,2,6,0,'',NULL,NULL,NULL,NULL,'2026-05-10 02:45:04','з”ЁжҲ·дё»еҠЁеҸ–ж¶Ҳ','2026-05-10 01:28:10','2026-05-10 01:13:10','2026-05-10 17:22:03',1);
INSERT INTO `order_info` VALUES (60,'2053161386090967040',2,2,'еј дёү','13800138001','дёңж ЎеҢә3еҸ·жҘј502е®Ө',15.00,15.00,0.00,0.00,15.00,1,6,0,'',NULL,NULL,NULL,NULL,'2026-05-10 02:45:02','з”ЁжҲ·дё»еҠЁеҸ–ж¶Ҳ','2026-05-10 01:28:15','2026-05-10 01:13:15','2026-05-10 17:22:03',1);
INSERT INTO `order_info` VALUES (61,'2053161404801757184',2,2,'еј дёү','13800138001','дёңж ЎеҢә3еҸ·жҘј502е®Ө',15.00,15.00,0.00,0.00,15.00,2,6,0,'',NULL,NULL,NULL,NULL,'2026-05-10 02:44:59','з”ЁжҲ·дё»еҠЁеҸ–ж¶Ҳ','2026-05-10 01:28:19','2026-05-10 01:13:19','2026-05-10 17:22:03',1);
INSERT INTO `order_info` VALUES (62,'2053161678509453312',2,2,'еј дёү','13800138001','дёңж ЎеҢә3еҸ·жҘј502е®Ө',15.00,15.00,0.00,0.00,15.00,1,6,0,'',NULL,NULL,NULL,NULL,'2026-05-10 02:44:57','з”ЁжҲ·дё»еҠЁеҸ–ж¶Ҳ','2026-05-10 01:29:25','2026-05-10 01:14:25','2026-05-10 17:22:03',1);
INSERT INTO `order_info` VALUES (63,'2053161696368799744',2,2,'еј дёү','13800138001','дёңж ЎеҢә3еҸ·жҘј502е®Ө',15.00,15.00,0.00,0.00,15.00,2,6,0,'',NULL,NULL,NULL,NULL,'2026-05-10 02:44:55','з”ЁжҲ·дё»еҠЁеҸ–ж¶Ҳ','2026-05-10 01:29:29','2026-05-10 01:14:29','2026-05-10 17:22:03',1);
INSERT INTO `order_info` VALUES (64,'2053161718397284352',2,2,'еј дёү','13800138001','дёңж ЎеҢә3еҸ·жҘј502е®Ө',15.00,15.00,0.00,0.00,15.00,1,6,0,'',NULL,NULL,NULL,NULL,'2026-05-10 02:44:52','з”ЁжҲ·дё»еҠЁеҸ–ж¶Ҳ','2026-05-10 01:29:34','2026-05-10 01:14:34','2026-05-10 17:22:03',1);
INSERT INTO `order_info` VALUES (65,'2053161764266192896',2,2,'еј дёү','13800138001','дёңж ЎеҢә3еҸ·жҘј502е®Ө',15.00,15.00,0.00,0.00,15.00,2,6,0,'',NULL,NULL,NULL,NULL,'2026-05-10 02:44:50','з”ЁжҲ·дё»еҠЁеҸ–ж¶Ҳ','2026-05-10 01:29:45','2026-05-10 01:14:45','2026-05-10 17:21:54',1);
INSERT INTO `order_info` VALUES (66,'2053162052305825792',2,2,'еј дёү','13800138001','дёңж ЎеҢә3еҸ·жҘј502е®Ө',15.00,15.00,0.00,0.00,15.00,1,6,0,'',NULL,NULL,NULL,NULL,'2026-05-10 02:44:47','з”ЁжҲ·дё»еҠЁеҸ–ж¶Ҳ','2026-05-10 01:30:54','2026-05-10 01:15:54','2026-05-10 17:21:54',1);
INSERT INTO `order_info` VALUES (67,'2053162070764957696',2,2,'еј дёү','13800138001','дёңж ЎеҢә3еҸ·жҘј502е®Ө',15.00,15.00,0.00,0.00,15.00,2,6,0,'',NULL,NULL,NULL,NULL,'2026-05-10 02:44:45','з”ЁжҲ·дё»еҠЁеҸ–ж¶Ҳ','2026-05-10 01:30:58','2026-05-10 01:15:58','2026-05-10 17:21:54',1);
INSERT INTO `order_info` VALUES (68,'2053167779875414016',2,1,'е°ҸжҳҺ','13224343456','дёңеҢәдёңж ЎеҢә',18.00,17.00,1.00,0.00,18.00,1,6,0,'',NULL,NULL,NULL,NULL,'2026-05-10 02:44:42','з”ЁжҲ·дё»еҠЁеҸ–ж¶Ҳ','2026-05-10 01:53:39','2026-05-10 01:38:39','2026-05-10 17:21:54',1);
INSERT INTO `order_info` VALUES (69,'2053167814918823936',2,1,'е°ҸжҳҺ','13224343456','дёңеҢәдёңж ЎеҢә',18.00,17.00,1.00,0.00,18.00,2,6,0,'',NULL,NULL,NULL,NULL,'2026-05-10 02:44:40','з”ЁжҲ·дё»еҠЁеҸ–ж¶Ҳ','2026-05-10 01:53:48','2026-05-10 01:38:48','2026-05-10 17:21:54',1);
INSERT INTO `order_info` VALUES (70,'2053167831872200704',2,1,'е°ҸжҳҺ','13224343456','дёңеҢәдёңж ЎеҢә',18.00,17.00,1.00,0.00,18.00,1,6,0,'',NULL,NULL,NULL,NULL,'2026-05-10 02:44:38','з”ЁжҲ·дё»еҠЁеҸ–ж¶Ҳ','2026-05-10 01:53:52','2026-05-10 01:38:52','2026-05-10 17:21:54',1);
INSERT INTO `order_info` VALUES (71,'2053167847353376768',2,1,'еј дёү','13800138001','дёңж ЎеҢә3еҸ·жҘј502е®Ө',18.00,17.00,1.00,0.00,18.00,1,6,0,'',NULL,NULL,NULL,NULL,'2026-05-10 02:44:36','з”ЁжҲ·дё»еҠЁеҸ–ж¶Ҳ','2026-05-10 01:53:55','2026-05-10 01:38:55','2026-05-10 17:21:54',1);
INSERT INTO `order_info` VALUES (72,'2053168118083117056',2,1,'еј дёү','13800138001','дёңж ЎеҢә3еҸ·жҘј502е®Ө',18.00,17.00,1.00,0.00,18.00,1,6,0,'',NULL,NULL,NULL,NULL,'2026-05-10 02:44:34','з”ЁжҲ·дё»еҠЁеҸ–ж¶Ҳ','2026-05-10 01:55:00','2026-05-10 01:40:00','2026-05-10 17:21:54',1);
INSERT INTO `order_info` VALUES (73,'2053168132406665216',2,1,'еј дёү','13800138001','дёңж ЎеҢә3еҸ·жҘј502е®Ө',18.00,17.00,1.00,0.00,18.00,2,6,0,'',NULL,NULL,NULL,NULL,'2026-05-10 02:44:32','з”ЁжҲ·дё»еҠЁеҸ–ж¶Ҳ','2026-05-10 01:55:03','2026-05-10 01:40:03','2026-05-10 17:21:54',1);
INSERT INTO `order_info` VALUES (74,'2053169287610261504',2,1,'еј дёү','13800138001','дёңж ЎеҢә3еҸ·жҘј502е®Ө',18.00,17.00,1.00,0.00,18.00,1,6,0,'',NULL,NULL,NULL,NULL,'2026-05-10 02:41:45','з”ЁжҲ·дё»еҠЁеҸ–ж¶Ҳ','2026-05-10 01:59:39','2026-05-10 01:44:39','2026-05-10 17:21:46',1);
INSERT INTO `order_info` VALUES (75,'2053169287689953280',2,2,'еј дёү','13800138001','дёңж ЎеҢә3еҸ·жҘј502е®Ө',15.00,15.00,0.00,0.00,15.00,1,6,0,'',NULL,NULL,NULL,NULL,'2026-05-10 02:44:30','з”ЁжҲ·дё»еҠЁеҸ–ж¶Ҳ','2026-05-10 01:59:39','2026-05-10 01:44:39','2026-05-10 17:21:54',1);
INSERT INTO `order_info` VALUES (78,'2053413775872208896',2,1,'еј дёү','13800138001','дёңж ЎеҢә3еҸ·жҘј502е®Ө',17.00,16.00,1.00,0.00,17.00,2,1,0,'','2026-05-14 20:40:38',NULL,NULL,NULL,NULL,'','2026-05-10 18:11:09','2026-05-10 17:56:09','2026-05-10 17:56:09',0);
INSERT INTO `order_info` VALUES (79,'2053413775909957632',2,4,'еј дёү','13800138001','дёңж ЎеҢә3еҸ·жҘј502е®Ө',16.50,15.00,1.50,0.00,16.50,1,0,0,'',NULL,NULL,NULL,NULL,NULL,'','2026-05-10 18:11:09','2026-05-10 17:56:09','2026-05-14 20:41:04',1);
INSERT INTO `order_info` VALUES (80,'2053415580823826432',2,1,'еј дёү','13800138001','дёңж ЎеҢә3еҸ·жҘј502е®Ө',17.00,16.00,1.00,0.00,17.00,2,1,0,'',NULL,NULL,NULL,NULL,NULL,'','2026-05-10 18:18:20','2026-05-10 18:03:20','2026-05-14 19:18:46',1);
INSERT INTO `order_info` VALUES (81,'2053415580869963776',2,4,'еј дёү','13800138001','дёңж ЎеҢә3еҸ·жҘј502е®Ө',16.50,15.00,1.50,0.00,16.50,1,1,0,'',NULL,NULL,NULL,NULL,NULL,'','2026-05-10 18:18:20','2026-05-10 18:03:20','2026-05-14 19:18:46',1);
INSERT INTO `order_info` VALUES (82,'2053418200305094656',2,1,'еј дёү','13800138001','дёңж ЎеҢә3еҸ·жҘј502е®Ө',17.00,16.00,1.00,0.00,17.00,2,1,0,'',NULL,NULL,NULL,NULL,NULL,'','2026-05-10 18:28:44','2026-05-10 18:13:44','2026-05-14 19:18:46',1);
INSERT INTO `order_info` VALUES (83,'2053418200464478208',2,4,'еј дёү','13800138001','дёңж ЎеҢә3еҸ·жҘј502е®Ө',16.50,15.00,1.50,0.00,16.50,1,1,0,'',NULL,NULL,NULL,NULL,NULL,'','2026-05-10 18:28:44','2026-05-10 18:13:44','2026-05-14 19:18:46',1);
INSERT INTO `order_info` VALUES (84,'2053418233175855104',2,1,'еј дёү','13800138001','дёңж ЎеҢә3еҸ·жҘј502е®Ө',17.00,16.00,1.00,0.00,17.00,1,1,0,'',NULL,NULL,NULL,NULL,NULL,'','2026-05-10 18:28:52','2026-05-10 18:13:52','2026-05-14 19:18:38',1);
INSERT INTO `order_info` VALUES (85,'2053418233234575360',2,4,'еј дёү','13800138001','дёңж ЎеҢә3еҸ·жҘј502е®Ө',16.50,15.00,1.50,0.00,16.50,2,1,0,'',NULL,NULL,NULL,NULL,NULL,'','2026-05-10 18:28:52','2026-05-10 18:13:52','2026-05-14 19:18:38',1);
INSERT INTO `order_info` VALUES (86,'2053418814657384448',2,1,'еј дёү','13800138001','дёңж ЎеҢә3еҸ·жҘј502е®Ө',17.00,16.00,1.00,0.00,17.00,1,1,0,'',NULL,NULL,NULL,NULL,NULL,'','2026-05-10 18:31:11','2026-05-10 18:16:11','2026-05-14 19:18:38',1);
INSERT INTO `order_info` VALUES (87,'2053418814690938880',2,4,'еј дёү','13800138001','дёңж ЎеҢә3еҸ·жҘј502е®Ө',16.50,15.00,1.50,0.00,16.50,2,1,0,'',NULL,NULL,NULL,NULL,NULL,'','2026-05-10 18:31:11','2026-05-10 18:16:11','2026-05-14 19:18:38',1);
INSERT INTO `order_info` VALUES (88,'2053418961411887104',2,1,'еј дёү','13800138001','дёңж ЎеҢә3еҸ·жҘј502е®Ө',17.00,16.00,1.00,0.00,17.00,2,1,0,'',NULL,NULL,NULL,NULL,NULL,'','2026-05-10 18:31:46','2026-05-10 18:16:46','2026-05-14 19:18:38',1);
INSERT INTO `order_info` VALUES (89,'2053418961462218752',2,4,'еј дёү','13800138001','дёңж ЎеҢә3еҸ·жҘј502е®Ө',16.50,15.00,1.50,0.00,16.50,1,1,0,'',NULL,NULL,NULL,NULL,NULL,'','2026-05-10 18:31:46','2026-05-10 18:16:46','2026-05-14 19:18:38',1);
INSERT INTO `order_info` VALUES (90,'2053419374383058944',2,1,'еј дёү','13800138001','дёңж ЎеҢә3еҸ·жҘј502е®Ө',17.00,16.00,1.00,0.00,17.00,2,1,0,'',NULL,NULL,NULL,NULL,NULL,'','2026-05-10 18:33:24','2026-05-10 18:18:24','2026-05-14 19:18:38',1);
INSERT INTO `order_info` VALUES (91,'2053419374408224768',2,4,'еј дёү','13800138001','дёңж ЎеҢә3еҸ·жҘј502е®Ө',16.50,15.00,1.50,0.00,16.50,1,1,0,'',NULL,NULL,NULL,NULL,NULL,'','2026-05-10 18:33:24','2026-05-10 18:18:24','2026-05-14 19:18:38',1);
INSERT INTO `order_info` VALUES (92,'2053419465231683584',2,1,'еј дёү','13800138001','дёңж ЎеҢә3еҸ·жҘј502е®Ө',17.00,16.00,1.00,0.00,17.00,2,1,0,'',NULL,NULL,NULL,NULL,NULL,'','2026-05-10 18:33:46','2026-05-10 18:18:46','2026-05-14 19:18:38',1);
INSERT INTO `order_info` VALUES (93,'2053419465286209536',2,4,'еј дёү','13800138001','дёңж ЎеҢә3еҸ·жҘј502е®Ө',16.50,15.00,1.50,0.00,16.50,1,1,0,'',NULL,NULL,NULL,NULL,NULL,'','2026-05-10 18:33:46','2026-05-10 18:18:46','2026-05-14 19:18:38',1);
INSERT INTO `order_info` VALUES (94,'2054904873937305600',2,1,'еј дёү','13800138001','дёңж ЎеҢә3еҸ·жҘј502е®Ө',59.00,58.00,1.00,0.00,59.00,1,0,0,'',NULL,NULL,NULL,NULL,NULL,'','2026-05-14 20:56:15','2026-05-14 20:41:15','2026-05-14 20:41:15',0);
INSERT INTO `order_info` VALUES (95,'2054904874126049280',2,2,'еј дёү','13800138001','дёңж ЎеҢә3еҸ·жҘј502е®Ө',28.00,28.00,0.00,0.00,28.00,1,0,0,'',NULL,NULL,NULL,NULL,NULL,'','2026-05-14 20:56:15','2026-05-14 20:41:15','2026-05-14 20:41:15',0);
INSERT INTO `order_info` VALUES (96,'2054904898885025792',2,1,'еј дёү','13800138001','дёңж ЎеҢә3еҸ·жҘј502е®Ө',59.00,58.00,1.00,0.00,59.00,2,0,0,'',NULL,NULL,NULL,NULL,NULL,'','2026-05-14 20:56:21','2026-05-14 20:41:21','2026-05-14 20:41:21',0);
INSERT INTO `order_info` VALUES (97,'2054904899040215040',2,2,'еј дёү','13800138001','дёңж ЎеҢә3еҸ·жҘј502е®Ө',28.00,28.00,0.00,0.00,28.00,1,0,0,'',NULL,NULL,NULL,NULL,NULL,'','2026-05-14 20:56:21','2026-05-14 20:41:21','2026-05-14 20:41:21',0);
INSERT INTO `order_info` VALUES (98,'2054904919042850816',2,1,'еј дёү','13800138001','дёңж ЎеҢә3еҸ·жҘј502е®Ө',59.00,58.00,1.00,0.00,59.00,2,0,0,'',NULL,NULL,NULL,NULL,NULL,'','2026-05-14 20:56:26','2026-05-14 20:41:26','2026-05-14 20:41:26',0);
INSERT INTO `order_info` VALUES (99,'2054904919164485632',2,2,'еј дёү','13800138001','дёңж ЎеҢә3еҸ·жҘј502е®Ө',28.00,28.00,0.00,0.00,28.00,2,1,0,'','2026-05-14 20:53:52',NULL,NULL,NULL,NULL,'','2026-05-14 20:56:26','2026-05-14 20:41:26','2026-05-14 20:41:26',0);
INSERT INTO `order_info` VALUES (100,'2054905065893822464',2,1,'еј дёү','13800138001','дёңж ЎеҢә3еҸ·жҘј502е®Ө',59.00,58.00,1.00,0.00,59.00,1,1,0,'','2026-05-14 20:53:38',NULL,NULL,NULL,NULL,'','2026-05-14 20:57:01','2026-05-14 20:42:01','2026-05-14 20:42:01',0);
INSERT INTO `order_info` VALUES (101,'2054905065998680064',2,2,'еј дёү','13800138001','дёңж ЎеҢә3еҸ·жҘј502е®Ө',28.00,28.00,0.00,0.00,28.00,1,1,0,'','2026-05-14 20:53:24',NULL,NULL,NULL,NULL,'','2026-05-14 20:57:01','2026-05-14 20:42:01','2026-05-14 20:42:01',0);
INSERT INTO `order_info` VALUES (102,'2054906905507135488',2,1,'еј дёү','13800138001','дёңж ЎеҢә3еҸ·жҘј502е®Ө',59.00,58.00,1.00,0.00,59.00,1,1,0,'','2026-05-14 20:52:39',NULL,NULL,NULL,NULL,'','2026-05-14 21:04:19','2026-05-14 20:49:19','2026-05-14 20:49:19',0);
INSERT INTO `order_info` VALUES (103,'2054906905616187392',2,2,'еј дёү','13800138001','дёңж ЎеҢә3еҸ·жҘј502е®Ө',28.00,28.00,0.00,0.00,28.00,1,1,0,'','2026-05-14 20:52:47',NULL,NULL,NULL,NULL,'','2026-05-14 21:04:19','2026-05-14 20:49:19','2026-05-14 20:49:19',0);
INSERT INTO `order_info` VALUES (104,'2054912540558786560',2,1,'еј дёү','13800138001','дёңж ЎеҢә3еҸ·жҘј502е®Ө',59.00,58.00,1.00,0.00,59.00,1,1,0,'','2026-05-14 21:12:08',NULL,NULL,NULL,NULL,'','2026-05-14 21:26:43','2026-05-14 21:11:43','2026-05-14 21:11:43',0);
INSERT INTO `order_info` VALUES (105,'2054912540856582144',2,2,'еј дёү','13800138001','дёңж ЎеҢә3еҸ·жҘј502е®Ө',28.00,28.00,0.00,0.00,28.00,1,1,0,'','2026-05-14 21:20:13',NULL,NULL,NULL,NULL,'','2026-05-14 21:26:43','2026-05-14 21:11:43','2026-05-14 21:11:43',0);
INSERT INTO `order_info` VALUES (106,'2054912549836587008',2,1,'еј дёү','13800138001','дёңж ЎеҢә3еҸ·жҘј502е®Ө',59.00,58.00,1.00,0.00,59.00,1,1,0,'','2026-05-14 21:11:47',NULL,NULL,NULL,NULL,'','2026-05-14 21:26:45','2026-05-14 21:11:45','2026-05-14 21:11:45',0);
INSERT INTO `order_info` VALUES (107,'2054912549974999040',2,2,'еј дёү','13800138001','дёңж ЎеҢә3еҸ·жҘј502е®Ө',28.00,28.00,0.00,0.00,28.00,1,1,0,'','2026-05-14 21:11:48',NULL,NULL,NULL,NULL,'','2026-05-14 21:26:45','2026-05-14 21:11:45','2026-05-14 21:11:45',0);
INSERT INTO `order_info` VALUES (108,'2054914640642682880',2,1,'еј дёү','13800138001','дёңж ЎеҢә3еҸ·жҘј502е®Ө',34.00,33.00,1.00,0.00,34.00,1,1,0,'','2026-05-14 21:20:05',NULL,NULL,NULL,NULL,'','2026-05-14 21:35:03','2026-05-14 21:20:03','2026-05-14 21:20:03',0);
/*!40000 ALTER TABLE `order_info` ENABLE KEYS */;
UNLOCK TABLES;

--
-- Table structure for table `order_item`
--

DROP TABLE IF EXISTS `order_item`;
/*!40101 SET @saved_cs_client     = @@character_set_client */;
/*!50503 SET character_set_client = utf8mb4 */;
CREATE TABLE `order_item` (
  `item_id` bigint(20) NOT NULL AUTO_INCREMENT COMMENT 'иҜҰжғ…ID',
  `order_id` bigint(20) NOT NULL COMMENT 'жүҖеұһи®ўеҚ•ID',
  `order_no` varchar(32) COLLATE utf8mb4_unicode_ci NOT NULL COMMENT 'и®ўеҚ•зј–еҸ·',
  `product_id` bigint(20) NOT NULL COMMENT 'е•Ҷе“ҒID',
  `product_name` varchar(128) COLLATE utf8mb4_unicode_ci NOT NULL COMMENT 'е•Ҷе“ҒеҗҚз§°',
  `product_image` varchar(255) COLLATE utf8mb4_unicode_ci NOT NULL DEFAULT '' COMMENT 'е•Ҷе“ҒеӣҫзүҮ',
  `spec_id` bigint(20) DEFAULT NULL COMMENT 'и§„ж јID',
  `spec_name` varchar(64) COLLATE utf8mb4_unicode_ci DEFAULT '' COMMENT 'и§„ж јеҗҚз§°',
  `product_price` decimal(10,2) NOT NULL DEFAULT '0.00' COMMENT 'е•Ҷе“ҒеҚ•д»·',
  `product_num` int(11) NOT NULL DEFAULT '1' COMMENT 'е•Ҷе“Ғж•°йҮҸ',
  `total_price` decimal(10,2) NOT NULL DEFAULT '0.00' COMMENT 'е•Ҷе“Ғе°Ҹи®ЎйҮ‘йўқ',
  `create_time` datetime NOT NULL DEFAULT CURRENT_TIMESTAMP COMMENT 'еҲӣе»әж—¶й—ҙ',
  `update_time` datetime NOT NULL DEFAULT CURRENT_TIMESTAMP ON UPDATE CURRENT_TIMESTAMP COMMENT 'жӣҙж–°ж—¶й—ҙ',
  `is_deleted` tinyint(4) NOT NULL DEFAULT '0' COMMENT 'йҖ»иҫ‘еҲ йҷӨ',
  PRIMARY KEY (`item_id`),
  KEY `idx_order_id` (`order_id`),
  KEY `idx_order_no` (`order_no`),
  KEY `idx_product_id` (`product_id`),
  KEY `idx_order_shop` (`order_id`,`product_id`)
) ENGINE=InnoDB AUTO_INCREMENT=156 DEFAULT CHARSET=utf8mb4 COLLATE=utf8mb4_unicode_ci COMMENT='и®ўеҚ•иҜҰжғ…иЎЁ';
/*!40101 SET character_set_client = @saved_cs_client */;

--
-- Dumping data for table `order_item`
--

LOCK TABLES `order_item` WRITE;
/*!40000 ALTER TABLE `order_item` DISABLE KEYS */;
INSERT INTO `order_item` VALUES (1,1,'202403200001',1,'зәўзғ§иӮүеҘ—йӨҗ','https://firstaliyun-twk.oss-cn-beijing.aliyuncs.com/images/20260505/8fe8d54549c74b41a316ab889feae966.jpeg',NULL,'',15.00,1,15.00,'2026-05-05 17:16:53','2026-05-05 17:33:35',0);
INSERT INTO `order_item` VALUES (2,1,'202403200001',7,'йә»е©ҶиұҶи…җ','https://firstaliyun-twk.oss-cn-beijing.aliyuncs.com/images/20260505/8fe8d54549c74b41a316ab889feae966.jpeg',NULL,'',8.00,1,8.00,'2026-05-05 17:16:53','2026-05-05 17:33:35',0);
INSERT INTO `order_item` VALUES (3,1,'202403200001',12,'зҙ«иҸңиӣӢиҠұжұӨ','https://firstaliyun-twk.oss-cn-beijing.aliyuncs.com/images/20260505/8fe8d54549c74b41a316ab889feae966.jpeg',NULL,'',3.00,1,3.00,'2026-05-05 17:16:53','2026-05-05 17:33:35',0);
INSERT INTO `order_item` VALUES (4,1,'202403200001',16,'зұійҘӯ','https://firstaliyun-twk.oss-cn-beijing.aliyuncs.com/images/20260505/8fe8d54549c74b41a316ab889feae966.jpeg',NULL,'',2.00,2,4.00,'2026-05-05 17:16:53','2026-05-05 17:33:35',0);
INSERT INTO `order_item` VALUES (5,2,'202403200002',21,'зҸҚзҸ еҘ¶иҢ¶','https://firstaliyun-twk.oss-cn-beijing.aliyuncs.com/images/20260505/8fe8d54549c74b41a316ab889feae966.jpeg',NULL,'',12.00,2,24.00,'2026-05-05 17:16:53','2026-05-05 17:33:35',0);
INSERT INTO `order_item` VALUES (6,2,'202403200002',34,'жіўйңё','https://firstaliyun-twk.oss-cn-beijing.aliyuncs.com/images/20260505/8fe8d54549c74b41a316ab889feae966.jpeg',NULL,'',2.00,1,2.00,'2026-05-05 17:16:53','2026-05-05 17:33:35',0);
INSERT INTO `order_item` VALUES (7,3,'202403200003',37,'йІңиӮүеҢ…еӯҗ','https://firstaliyun-twk.oss-cn-beijing.aliyuncs.com/images/20260505/8fe8d54549c74b41a316ab889feae966.jpeg',NULL,'',2.50,2,5.00,'2026-05-05 17:16:53','2026-05-05 17:33:35',0);
INSERT INTO `order_item` VALUES (8,3,'202403200003',42,'иұҶжөҶ','https://firstaliyun-twk.oss-cn-beijing.aliyuncs.com/images/20260505/8fe8d54549c74b41a316ab889feae966.jpeg',NULL,'',3.00,1,3.00,'2026-05-05 17:16:53','2026-05-05 17:33:35',0);
INSERT INTO `order_item` VALUES (9,3,'202403200003',46,'жІ№жқЎ','https://firstaliyun-twk.oss-cn-beijing.aliyuncs.com/images/20260505/8fe8d54549c74b41a316ab889feae966.jpeg',NULL,'',2.00,3,6.00,'2026-05-05 17:16:53','2026-05-05 17:33:35',0);
INSERT INTO `order_item` VALUES (10,4,'202403210001',72,'ж°ҙз…®йұј','https://firstaliyun-twk.oss-cn-beijing.aliyuncs.com/images/20260505/8fe8d54549c74b41a316ab889feae966.jpeg',NULL,'',38.00,1,38.00,'2026-05-05 17:16:53','2026-05-05 17:33:35',0);
INSERT INTO `order_item` VALUES (11,4,'202403210001',82,'й…ёиҫЈжұӨ','https://firstaliyun-twk.oss-cn-beijing.aliyuncs.com/images/20260505/8fe8d54549c74b41a316ab889feae966.jpeg',NULL,'',12.00,1,12.00,'2026-05-05 17:16:53','2026-05-05 17:33:35',0);
INSERT INTO `order_item` VALUES (12,4,'202403210001',88,'зұійҘӯ','https://firstaliyun-twk.oss-cn-beijing.aliyuncs.com/images/20260505/8fe8d54549c74b41a316ab889feae966.jpeg',NULL,'',2.00,2,4.00,'2026-05-05 17:16:53','2026-05-05 17:33:35',0);
INSERT INTO `order_item` VALUES (13,5,'202403210002',53,'и–ҜзүҮ','https://firstaliyun-twk.oss-cn-beijing.aliyuncs.com/images/20260505/8fe8d54549c74b41a316ab889feae966.jpeg',NULL,'',6.00,2,12.00,'2026-05-05 17:16:53','2026-05-05 17:33:35',0);
INSERT INTO `order_item` VALUES (14,5,'202403210002',57,'е·§е…ӢеҠӣ','https://firstaliyun-twk.oss-cn-beijing.aliyuncs.com/images/20260505/8fe8d54549c74b41a316ab889feae966.jpeg',NULL,'',12.00,1,12.00,'2026-05-05 17:16:53','2026-05-05 17:33:35',0);
INSERT INTO `order_item` VALUES (15,5,'202403210002',61,'еҸҜд№җ','https://firstaliyun-twk.oss-cn-beijing.aliyuncs.com/images/20260505/8fe8d54549c74b41a316ab889feae966.jpeg',NULL,'',4.00,2,8.00,'2026-05-05 17:16:53','2026-05-05 17:33:35',0);
INSERT INTO `order_item` VALUES (16,6,'202403220001',2,'зі–йҶӢйҮҢи„ҠеҘ—йӨҗ','https://firstaliyun-twk.oss-cn-beijing.aliyuncs.com/images/20260505/8fe8d54549c74b41a316ab889feae966.jpeg',NULL,'',14.00,1,14.00,'2026-05-05 17:16:53','2026-05-05 17:33:35',0);
INSERT INTO `order_item` VALUES (17,7,'202403220002',22,'жӨ°жһңеҘ¶иҢ¶','https://firstaliyun-twk.oss-cn-beijing.aliyuncs.com/images/20260505/8fe8d54549c74b41a316ab889feae966.jpeg',NULL,'',13.00,2,26.00,'2026-05-05 17:16:53','2026-05-05 17:33:35',0);
INSERT INTO `order_item` VALUES (18,7,'202403220002',26,'жҹ жӘ¬зәўиҢ¶','https://firstaliyun-twk.oss-cn-beijing.aliyuncs.com/images/20260505/8fe8d54549c74b41a316ab889feae966.jpeg',NULL,'',10.00,1,10.00,'2026-05-05 17:16:53','2026-05-05 17:33:35',0);
INSERT INTO `order_item` VALUES (19,8,'202403220003',37,'йІңиӮүеҢ…еӯҗ','https://firstaliyun-twk.oss-cn-beijing.aliyuncs.com/images/20260505/8fe8d54549c74b41a316ab889feae966.jpeg',NULL,'',2.50,4,10.00,'2026-05-05 17:16:53','2026-05-05 17:33:35',0);
INSERT INTO `order_item` VALUES (20,9,'202403230001',1,'зәўзғ§иӮүеҘ—йӨҗ','https://firstaliyun-twk.oss-cn-beijing.aliyuncs.com/images/20260505/8fe8d54549c74b41a316ab889feae966.jpeg',NULL,'',15.00,1,15.00,'2026-05-05 17:16:53','2026-05-05 17:33:35',0);
INSERT INTO `order_item` VALUES (21,9,'202403230001',6,'йұјйҰҷиӮүдёқ','https://firstaliyun-twk.oss-cn-beijing.aliyuncs.com/images/20260505/8fe8d54549c74b41a316ab889feae966.jpeg',NULL,'',12.00,1,12.00,'2026-05-05 17:16:53','2026-05-05 17:33:35',0);
INSERT INTO `order_item` VALUES (22,10,'202403230002',24,'иҠӢжіҘеҘ¶иҢ¶','https://firstaliyun-twk.oss-cn-beijing.aliyuncs.com/images/20260505/8fe8d54549c74b41a316ab889feae966.jpeg',NULL,'',15.00,1,15.00,'2026-05-05 17:16:53','2026-05-05 17:33:35',0);
INSERT INTO `order_item` VALUES (23,10,'202403230002',27,'зҷҫйҰҷжһңиҢ¶','https://firstaliyun-twk.oss-cn-beijing.aliyuncs.com/images/20260505/8fe8d54549c74b41a316ab889feae966.jpeg',NULL,'',12.00,1,12.00,'2026-05-05 17:16:53','2026-05-05 17:33:35',0);
INSERT INTO `order_item` VALUES (24,11,'202403230003',45,'з…ҺйҘјжһңеӯҗ','https://firstaliyun-twk.oss-cn-beijing.aliyuncs.com/images/20260505/8fe8d54549c74b41a316ab889feae966.jpeg',NULL,'',8.00,1,8.00,'2026-05-05 17:16:53','2026-05-05 17:33:35',0);
INSERT INTO `order_item` VALUES (25,11,'202403230003',42,'иұҶжөҶ','https://firstaliyun-twk.oss-cn-beijing.aliyuncs.com/images/20260505/8fe8d54549c74b41a316ab889feae966.jpeg',NULL,'',3.00,1,3.00,'2026-05-05 17:16:53','2026-05-05 17:33:35',0);
INSERT INTO `order_item` VALUES (26,12,'202403230004',57,'е·§е…ӢеҠӣ','https://firstaliyun-twk.oss-cn-beijing.aliyuncs.com/images/20260505/8fe8d54549c74b41a316ab889feae966.jpeg',NULL,'',12.00,2,24.00,'2026-05-05 17:16:53','2026-05-05 17:33:35',0);
INSERT INTO `order_item` VALUES (27,12,'202403230004',61,'еҸҜд№җ','https://firstaliyun-twk.oss-cn-beijing.aliyuncs.com/images/20260505/8fe8d54549c74b41a316ab889feae966.jpeg',NULL,'',4.00,2,8.00,'2026-05-05 17:16:53','2026-05-05 17:33:35',0);
INSERT INTO `order_item` VALUES (28,13,'202403240001',72,'ж°ҙз…®йұј','https://firstaliyun-twk.oss-cn-beijing.aliyuncs.com/images/20260505/8fe8d54549c74b41a316ab889feae966.jpeg',NULL,'',38.00,1,38.00,'2026-05-05 17:16:53','2026-05-05 17:33:35',0);
INSERT INTO `order_item` VALUES (29,13,'202403240001',77,'йқ’жӨ’иӮүдёқ','https://firstaliyun-twk.oss-cn-beijing.aliyuncs.com/images/20260505/8fe8d54549c74b41a316ab889feae966.jpeg',NULL,'',22.00,1,22.00,'2026-05-05 17:16:53','2026-05-05 17:33:35',0);
INSERT INTO `order_item` VALUES (30,13,'202403240001',88,'зұійҘӯ','https://firstaliyun-twk.oss-cn-beijing.aliyuncs.com/images/20260505/8fe8d54549c74b41a316ab889feae966.jpeg',NULL,'',2.00,2,4.00,'2026-05-05 17:16:53','2026-05-05 17:33:35',0);
INSERT INTO `order_item` VALUES (31,14,'202403240002',1,'зәўзғ§иӮүеҘ—йӨҗ','https://firstaliyun-twk.oss-cn-beijing.aliyuncs.com/images/20260505/8fe8d54549c74b41a316ab889feae966.jpeg',NULL,'',15.00,2,30.00,'2026-05-05 17:16:53','2026-05-05 17:33:35',0);
INSERT INTO `order_item` VALUES (32,14,'202403240002',9,'е°–жӨ’еңҹиұҶдёқ','https://firstaliyun-twk.oss-cn-beijing.aliyuncs.com/images/20260505/8fe8d54549c74b41a316ab889feae966.jpeg',NULL,'',6.00,2,12.00,'2026-05-05 17:16:53','2026-05-05 17:33:35',0);
INSERT INTO `order_item` VALUES (33,15,'202403240003',23,'еёғдёҒеҘ¶иҢ¶','https://firstaliyun-twk.oss-cn-beijing.aliyuncs.com/images/20260505/8fe8d54549c74b41a316ab889feae966.jpeg',NULL,'',14.00,2,28.00,'2026-05-05 17:16:53','2026-05-05 17:33:35',0);
INSERT INTO `order_item` VALUES (34,15,'202403240003',35,'жӨ°жһң','https://firstaliyun-twk.oss-cn-beijing.aliyuncs.com/images/20260505/8fe8d54549c74b41a316ab889feae966.jpeg',NULL,'',1.50,2,3.00,'2026-05-05 17:16:53','2026-05-05 17:33:35',0);
INSERT INTO `order_item` VALUES (35,15,'202403240003',33,'ж‘©еҚЎе’–е•Ў','https://firstaliyun-twk.oss-cn-beijing.aliyuncs.com/images/20260505/8fe8d54549c74b41a316ab889feae966.jpeg',NULL,'',19.00,1,19.00,'2026-05-05 17:16:53','2026-05-05 17:33:35',0);
INSERT INTO `order_item` VALUES (36,16,'202403250001',37,'йІңиӮүеҢ…еӯҗ','https://firstaliyun-twk.oss-cn-beijing.aliyuncs.com/images/20260505/8fe8d54549c74b41a316ab889feae966.jpeg',NULL,'',2.50,3,7.50,'2026-05-05 17:16:53','2026-05-05 17:33:35',0);
INSERT INTO `order_item` VALUES (37,16,'202403250001',46,'жІ№жқЎ','https://firstaliyun-twk.oss-cn-beijing.aliyuncs.com/images/20260505/8fe8d54549c74b41a316ab889feae966.jpeg',NULL,'',2.00,3,6.00,'2026-05-05 17:16:53','2026-05-05 17:33:35',0);
INSERT INTO `order_item` VALUES (38,16,'202403250001',42,'иұҶжөҶ','https://firstaliyun-twk.oss-cn-beijing.aliyuncs.com/images/20260505/8fe8d54549c74b41a316ab889feae966.jpeg',NULL,'',3.00,1,3.00,'2026-05-05 17:16:53','2026-05-05 17:33:35',0);
INSERT INTO `order_item` VALUES (39,17,'202403250002',53,'и–ҜзүҮ','https://firstaliyun-twk.oss-cn-beijing.aliyuncs.com/images/20260505/8fe8d54549c74b41a316ab889feae966.jpeg',NULL,'',6.00,3,18.00,'2026-05-05 17:16:53','2026-05-05 17:33:35',0);
INSERT INTO `order_item` VALUES (40,17,'202403250002',65,'жіЎйқў','https://firstaliyun-twk.oss-cn-beijing.aliyuncs.com/images/20260505/8fe8d54549c74b41a316ab889feae966.jpeg',NULL,'',5.00,2,10.00,'2026-05-05 17:16:53','2026-05-05 17:33:35',0);
INSERT INTO `order_item` VALUES (41,18,'202403250003',73,'еӣһй”…иӮү','https://firstaliyun-twk.oss-cn-beijing.aliyuncs.com/images/20260505/8fe8d54549c74b41a316ab889feae966.jpeg',NULL,'',28.00,1,28.00,'2026-05-05 17:16:53','2026-05-05 17:33:35',0);
INSERT INTO `order_item` VALUES (42,18,'202403250003',74,'иҫЈеӯҗйёЎ','https://firstaliyun-twk.oss-cn-beijing.aliyuncs.com/images/20260505/8fe8d54549c74b41a316ab889feae966.jpeg',NULL,'',32.00,1,32.00,'2026-05-05 17:16:53','2026-05-05 17:33:35',0);
INSERT INTO `order_item` VALUES (43,19,'202403260001',3,'е®«дҝқйёЎдёҒеҘ—йӨҗ','https://firstaliyun-twk.oss-cn-beijing.aliyuncs.com/images/20260505/8fe8d54549c74b41a316ab889feae966.jpeg',NULL,'',13.00,2,26.00,'2026-05-05 17:16:53','2026-05-05 17:33:35',0);
INSERT INTO `order_item` VALUES (44,19,'202403260001',14,'й…ёиҫЈжұӨ','https://firstaliyun-twk.oss-cn-beijing.aliyuncs.com/images/20260505/8fe8d54549c74b41a316ab889feae966.jpeg',NULL,'',4.00,1,4.00,'2026-05-05 17:16:53','2026-05-05 17:33:35',0);
INSERT INTO `order_item` VALUES (45,20,'202403260002',21,'зҸҚзҸ еҘ¶иҢ¶','https://firstaliyun-twk.oss-cn-beijing.aliyuncs.com/images/20260505/8fe8d54549c74b41a316ab889feae966.jpeg',NULL,'',12.00,2,24.00,'2026-05-05 17:16:53','2026-05-05 17:33:35',0);
INSERT INTO `order_item` VALUES (46,21,'202403260003',37,'йІңиӮүеҢ…еӯҗ','https://firstaliyun-twk.oss-cn-beijing.aliyuncs.com/images/20260505/8fe8d54549c74b41a316ab889feae966.jpeg',NULL,'',2.50,2,5.00,'2026-05-05 17:16:53','2026-05-05 17:33:35',0);
INSERT INTO `order_item` VALUES (47,21,'202403260003',48,'йёЎиӣӢзҒҢйҘј','https://firstaliyun-twk.oss-cn-beijing.aliyuncs.com/images/20260505/8fe8d54549c74b41a316ab889feae966.jpeg',NULL,'',5.00,1,5.00,'2026-05-05 17:16:53','2026-05-05 17:33:35',0);
INSERT INTO `order_item` VALUES (48,22,'202403270001',57,'е·§е…ӢеҠӣ','https://firstaliyun-twk.oss-cn-beijing.aliyuncs.com/images/20260505/8fe8d54549c74b41a316ab889feae966.jpeg',NULL,'',12.00,1,12.00,'2026-05-05 17:16:53','2026-05-05 17:33:35',0);
INSERT INTO `order_item` VALUES (49,22,'202403270001',62,'йӣӘзў§','https://firstaliyun-twk.oss-cn-beijing.aliyuncs.com/images/20260505/8fe8d54549c74b41a316ab889feae966.jpeg',NULL,'',4.00,2,8.00,'2026-05-05 17:16:53','2026-05-05 17:33:35',0);
INSERT INTO `order_item` VALUES (50,23,'202403270002',72,'ж°ҙз…®йұј','https://firstaliyun-twk.oss-cn-beijing.aliyuncs.com/images/20260505/8fe8d54549c74b41a316ab889feae966.jpeg',NULL,'',38.00,1,38.00,'2026-05-05 17:16:53','2026-05-05 17:33:35',0);
INSERT INTO `order_item` VALUES (51,23,'202403270002',79,'и’ңи“үиҘҝе…°иҠұ','https://firstaliyun-twk.oss-cn-beijing.aliyuncs.com/images/20260505/8fe8d54549c74b41a316ab889feae966.jpeg',NULL,'',16.00,1,16.00,'2026-05-05 17:16:53','2026-05-05 17:33:35',0);
INSERT INTO `order_item` VALUES (52,24,'202403270003',2,'зі–йҶӢйҮҢи„ҠеҘ—йӨҗ','https://firstaliyun-twk.oss-cn-beijing.aliyuncs.com/images/20260505/8fe8d54549c74b41a316ab889feae966.jpeg',NULL,'',14.00,1,14.00,'2026-05-05 17:16:53','2026-05-05 17:33:35',0);
INSERT INTO `order_item` VALUES (53,24,'202403270003',7,'йә»е©ҶиұҶи…җ','https://firstaliyun-twk.oss-cn-beijing.aliyuncs.com/images/20260505/8fe8d54549c74b41a316ab889feae966.jpeg',NULL,'',8.00,1,8.00,'2026-05-05 17:16:53','2026-05-05 17:33:35',0);
INSERT INTO `order_item` VALUES (54,25,'202403280001',22,'жӨ°жһңеҘ¶иҢ¶','https://firstaliyun-twk.oss-cn-beijing.aliyuncs.com/images/20260505/8fe8d54549c74b41a316ab889feae966.jpeg',NULL,'',13.00,1,13.00,'2026-05-05 17:16:53','2026-05-05 17:33:35',0);
INSERT INTO `order_item` VALUES (55,25,'202403280001',25,'зәўиұҶеҘ¶иҢ¶','https://firstaliyun-twk.oss-cn-beijing.aliyuncs.com/images/20260505/8fe8d54549c74b41a316ab889feae966.jpeg',NULL,'',13.00,1,13.00,'2026-05-05 17:16:53','2026-05-05 17:33:35',0);
INSERT INTO `order_item` VALUES (56,26,'202403280002',37,'йІңиӮүеҢ…еӯҗ','https://firstaliyun-twk.oss-cn-beijing.aliyuncs.com/images/20260505/8fe8d54549c74b41a316ab889feae966.jpeg',NULL,'',2.50,4,10.00,'2026-05-05 17:16:53','2026-05-05 17:33:35',0);
INSERT INTO `order_item` VALUES (57,26,'202403280002',42,'иұҶжөҶ','https://firstaliyun-twk.oss-cn-beijing.aliyuncs.com/images/20260505/8fe8d54549c74b41a316ab889feae966.jpeg',NULL,'',3.00,1,3.00,'2026-05-05 17:16:53','2026-05-05 17:33:35',0);
INSERT INTO `order_item` VALUES (58,27,'202403280003',53,'и–ҜзүҮ','https://firstaliyun-twk.oss-cn-beijing.aliyuncs.com/images/20260505/8fe8d54549c74b41a316ab889feae966.jpeg',NULL,'',6.00,3,18.00,'2026-05-05 17:16:53','2026-05-05 17:33:35',0);
INSERT INTO `order_item` VALUES (59,27,'202403280003',67,'з“ңеӯҗ','https://firstaliyun-twk.oss-cn-beijing.aliyuncs.com/images/20260505/8fe8d54549c74b41a316ab889feae966.jpeg',NULL,'',8.00,2,16.00,'2026-05-05 17:16:53','2026-05-05 17:33:35',0);
INSERT INTO `order_item` VALUES (60,28,'202403290001',76,'е®«дҝқйёЎдёҒ','https://firstaliyun-twk.oss-cn-beijing.aliyuncs.com/images/20260505/8fe8d54549c74b41a316ab889feae966.jpeg',NULL,'',26.00,1,26.00,'2026-05-05 17:16:53','2026-05-05 17:33:35',0);
INSERT INTO `order_item` VALUES (61,28,'202403290001',75,'йә»е©ҶиұҶи…җ','https://firstaliyun-twk.oss-cn-beijing.aliyuncs.com/images/20260505/8fe8d54549c74b41a316ab889feae966.jpeg',NULL,'',18.00,1,18.00,'2026-05-05 17:16:53','2026-05-05 17:33:35',0);
INSERT INTO `order_item` VALUES (62,29,'202403290002',4,'дёңеқЎиӮүеҘ—йӨҗ','https://firstaliyun-twk.oss-cn-beijing.aliyuncs.com/images/20260505/8fe8d54549c74b41a316ab889feae966.jpeg',NULL,'',16.00,1,16.00,'2026-05-05 17:16:53','2026-05-05 17:33:35',0);
INSERT INTO `order_item` VALUES (63,30,'202403290003',28,'иҠ’жһңеӨҡеӨҡ','https://firstaliyun-twk.oss-cn-beijing.aliyuncs.com/images/20260505/8fe8d54549c74b41a316ab889feae966.jpeg',NULL,'',14.00,1,14.00,'2026-05-05 17:16:53','2026-05-05 17:33:35',0);
INSERT INTO `order_item` VALUES (64,30,'202403290003',31,'жӢҝй“Ғе’–е•Ў','https://firstaliyun-twk.oss-cn-beijing.aliyuncs.com/images/20260505/8fe8d54549c74b41a316ab889feae966.jpeg',NULL,'',18.00,1,18.00,'2026-05-05 17:16:53','2026-05-05 17:33:35',0);
INSERT INTO `order_item` VALUES (65,31,'202403300001',45,'з…ҺйҘјжһңеӯҗ','https://firstaliyun-twk.oss-cn-beijing.aliyuncs.com/images/20260505/8fe8d54549c74b41a316ab889feae966.jpeg',NULL,'',8.00,1,8.00,'2026-05-05 17:16:53','2026-05-05 17:33:35',0);
INSERT INTO `order_item` VALUES (66,32,'202403300002',54,'иҷҫжқЎ','https://firstaliyun-twk.oss-cn-beijing.aliyuncs.com/images/20260505/8fe8d54549c74b41a316ab889feae966.jpeg',NULL,'',5.00,2,10.00,'2026-05-05 17:16:53','2026-05-05 17:33:35',0);
INSERT INTO `order_item` VALUES (67,33,'202403300003',72,'ж°ҙз…®йұј','https://firstaliyun-twk.oss-cn-beijing.aliyuncs.com/images/20260505/8fe8d54549c74b41a316ab889feae966.jpeg',NULL,'',38.00,1,38.00,'2026-05-05 17:16:53','2026-05-05 17:33:35',0);
INSERT INTO `order_item` VALUES (68,33,'202403300003',73,'еӣһй”…иӮү','https://firstaliyun-twk.oss-cn-beijing.aliyuncs.com/images/20260505/8fe8d54549c74b41a316ab889feae966.jpeg',NULL,'',28.00,1,28.00,'2026-05-05 17:16:53','2026-05-05 17:33:35',0);
INSERT INTO `order_item` VALUES (69,51,'2053160649143365632',24,'иҠӢжіҘеҘ¶иҢ¶','https://firstaliyun-twk.oss-cn-beijing.aliyuncs.com/images/20260505/8fe8d54549c74b41a316ab889feae966.jpeg',NULL,NULL,15.00,1,15.00,'2026-05-10 01:10:19','2026-05-10 01:10:19',0);
INSERT INTO `order_item` VALUES (70,52,'2053160678260224000',24,'иҠӢжіҘеҘ¶иҢ¶','https://firstaliyun-twk.oss-cn-beijing.aliyuncs.com/images/20260505/8fe8d54549c74b41a316ab889feae966.jpeg',NULL,NULL,15.00,1,15.00,'2026-05-10 01:10:26','2026-05-10 01:10:26',0);
INSERT INTO `order_item` VALUES (71,53,'2053160692382445568',24,'иҠӢжіҘеҘ¶иҢ¶','https://firstaliyun-twk.oss-cn-beijing.aliyuncs.com/images/20260505/8fe8d54549c74b41a316ab889feae966.jpeg',NULL,NULL,15.00,1,15.00,'2026-05-10 01:10:29','2026-05-10 01:10:29',0);
INSERT INTO `order_item` VALUES (72,54,'2053161032418865152',24,'иҠӢжіҘеҘ¶иҢ¶','https://firstaliyun-twk.oss-cn-beijing.aliyuncs.com/images/20260505/8fe8d54549c74b41a316ab889feae966.jpeg',NULL,NULL,15.00,1,15.00,'2026-05-10 01:11:50','2026-05-10 01:11:50',0);
INSERT INTO `order_item` VALUES (73,55,'2053161052308254720',24,'иҠӢжіҘеҘ¶иҢ¶','https://firstaliyun-twk.oss-cn-beijing.aliyuncs.com/images/20260505/8fe8d54549c74b41a316ab889feae966.jpeg',NULL,NULL,15.00,1,15.00,'2026-05-10 01:11:55','2026-05-10 01:11:55',0);
INSERT INTO `order_item` VALUES (74,56,'2053161198177759232',24,'иҠӢжіҘеҘ¶иҢ¶','https://firstaliyun-twk.oss-cn-beijing.aliyuncs.com/images/20260505/8fe8d54549c74b41a316ab889feae966.jpeg',NULL,NULL,15.00,1,15.00,'2026-05-10 01:12:30','2026-05-10 01:12:30',0);
INSERT INTO `order_item` VALUES (75,57,'2053161215290519552',24,'иҠӢжіҘеҘ¶иҢ¶','https://firstaliyun-twk.oss-cn-beijing.aliyuncs.com/images/20260505/8fe8d54549c74b41a316ab889feae966.jpeg',NULL,NULL,15.00,1,15.00,'2026-05-10 01:12:34','2026-05-10 01:12:34',0);
INSERT INTO `order_item` VALUES (76,58,'2053161348199624704',24,'иҠӢжіҘеҘ¶иҢ¶','https://firstaliyun-twk.oss-cn-beijing.aliyuncs.com/images/20260505/8fe8d54549c74b41a316ab889feae966.jpeg',NULL,NULL,15.00,1,15.00,'2026-05-10 01:13:05','2026-05-10 01:13:05',0);
INSERT INTO `order_item` VALUES (77,59,'2053161366839111680',24,'иҠӢжіҘеҘ¶иҢ¶','https://firstaliyun-twk.oss-cn-beijing.aliyuncs.com/images/20260505/8fe8d54549c74b41a316ab889feae966.jpeg',NULL,NULL,15.00,1,15.00,'2026-05-10 01:13:10','2026-05-10 01:13:10',0);
INSERT INTO `order_item` VALUES (78,60,'2053161386090967040',24,'иҠӢжіҘеҘ¶иҢ¶','https://firstaliyun-twk.oss-cn-beijing.aliyuncs.com/images/20260505/8fe8d54549c74b41a316ab889feae966.jpeg',NULL,NULL,15.00,1,15.00,'2026-05-10 01:13:15','2026-05-10 01:13:15',0);
INSERT INTO `order_item` VALUES (79,61,'2053161404801757184',24,'иҠӢжіҘеҘ¶иҢ¶','https://firstaliyun-twk.oss-cn-beijing.aliyuncs.com/images/20260505/8fe8d54549c74b41a316ab889feae966.jpeg',NULL,NULL,15.00,1,15.00,'2026-05-10 01:13:19','2026-05-10 01:13:19',0);
INSERT INTO `order_item` VALUES (80,62,'2053161678509453312',24,'иҠӢжіҘеҘ¶иҢ¶','https://firstaliyun-twk.oss-cn-beijing.aliyuncs.com/images/20260505/8fe8d54549c74b41a316ab889feae966.jpeg',NULL,NULL,15.00,1,15.00,'2026-05-10 01:14:24','2026-05-10 01:14:24',0);
INSERT INTO `order_item` VALUES (81,63,'2053161696368799744',24,'иҠӢжіҘеҘ¶иҢ¶','https://firstaliyun-twk.oss-cn-beijing.aliyuncs.com/images/20260505/8fe8d54549c74b41a316ab889feae966.jpeg',NULL,NULL,15.00,1,15.00,'2026-05-10 01:14:28','2026-05-10 01:14:28',0);
INSERT INTO `order_item` VALUES (82,64,'2053161718397284352',24,'иҠӢжіҘеҘ¶иҢ¶','https://firstaliyun-twk.oss-cn-beijing.aliyuncs.com/images/20260505/8fe8d54549c74b41a316ab889feae966.jpeg',NULL,NULL,15.00,1,15.00,'2026-05-10 01:14:34','2026-05-10 01:14:34',0);
INSERT INTO `order_item` VALUES (83,65,'2053161764266192896',24,'иҠӢжіҘеҘ¶иҢ¶','https://firstaliyun-twk.oss-cn-beijing.aliyuncs.com/images/20260505/8fe8d54549c74b41a316ab889feae966.jpeg',NULL,NULL,15.00,1,15.00,'2026-05-10 01:14:45','2026-05-10 01:14:45',0);
INSERT INTO `order_item` VALUES (84,66,'2053162052305825792',24,'иҠӢжіҘеҘ¶иҢ¶','https://firstaliyun-twk.oss-cn-beijing.aliyuncs.com/images/20260505/8fe8d54549c74b41a316ab889feae966.jpeg',NULL,NULL,15.00,1,15.00,'2026-05-10 01:15:53','2026-05-10 01:15:53',0);
INSERT INTO `order_item` VALUES (85,67,'2053162070764957696',24,'иҠӢжіҘеҘ¶иҢ¶','https://firstaliyun-twk.oss-cn-beijing.aliyuncs.com/images/20260505/8fe8d54549c74b41a316ab889feae966.jpeg',NULL,NULL,15.00,1,15.00,'2026-05-10 01:15:58','2026-05-10 01:15:58',0);
INSERT INTO `order_item` VALUES (86,68,'2053167779875414016',5,'жў…иҸңжүЈиӮүеҘ—йӨҗ','https://firstaliyun-twk.oss-cn-beijing.aliyuncs.com/images/20260505/8fe8d54549c74b41a316ab889feae966.jpeg',NULL,NULL,17.00,1,17.00,'2026-05-10 01:38:39','2026-05-10 01:38:39',0);
INSERT INTO `order_item` VALUES (87,69,'2053167814918823936',5,'жў…иҸңжүЈиӮүеҘ—йӨҗ','https://firstaliyun-twk.oss-cn-beijing.aliyuncs.com/images/20260505/8fe8d54549c74b41a316ab889feae966.jpeg',NULL,NULL,17.00,1,17.00,'2026-05-10 01:38:47','2026-05-10 01:38:47',0);
INSERT INTO `order_item` VALUES (88,70,'2053167831872200704',5,'жў…иҸңжүЈиӮүеҘ—йӨҗ','https://firstaliyun-twk.oss-cn-beijing.aliyuncs.com/images/20260505/8fe8d54549c74b41a316ab889feae966.jpeg',NULL,NULL,17.00,1,17.00,'2026-05-10 01:38:51','2026-05-10 01:38:51',0);
INSERT INTO `order_item` VALUES (89,71,'2053167847353376768',5,'жў…иҸңжүЈиӮүеҘ—йӨҗ','https://firstaliyun-twk.oss-cn-beijing.aliyuncs.com/images/20260505/8fe8d54549c74b41a316ab889feae966.jpeg',NULL,NULL,17.00,1,17.00,'2026-05-10 01:38:55','2026-05-10 01:38:55',0);
INSERT INTO `order_item` VALUES (90,72,'2053168118083117056',5,'жў…иҸңжүЈиӮүеҘ—йӨҗ','https://firstaliyun-twk.oss-cn-beijing.aliyuncs.com/images/20260505/8fe8d54549c74b41a316ab889feae966.jpeg',NULL,NULL,17.00,1,17.00,'2026-05-10 01:40:00','2026-05-10 01:40:00',0);
INSERT INTO `order_item` VALUES (91,73,'2053168132406665216',5,'жў…иҸңжүЈиӮүеҘ—йӨҗ','https://firstaliyun-twk.oss-cn-beijing.aliyuncs.com/images/20260505/8fe8d54549c74b41a316ab889feae966.jpeg',NULL,NULL,17.00,1,17.00,'2026-05-10 01:40:03','2026-05-10 01:40:03',0);
INSERT INTO `order_item` VALUES (92,74,'2053169287610261504',5,'жў…иҸңжүЈиӮүеҘ—йӨҗ','https://firstaliyun-twk.oss-cn-beijing.aliyuncs.com/images/20260505/8fe8d54549c74b41a316ab889feae966.jpeg',NULL,NULL,17.00,1,17.00,'2026-05-10 01:44:38','2026-05-10 01:44:38',0);
INSERT INTO `order_item` VALUES (93,75,'2053169287689953280',24,'иҠӢжіҘеҘ¶иҢ¶','https://firstaliyun-twk.oss-cn-beijing.aliyuncs.com/images/20260505/8fe8d54549c74b41a316ab889feae966.jpeg',NULL,NULL,15.00,1,15.00,'2026-05-10 01:44:38','2026-05-10 01:44:38',0);
INSERT INTO `order_item` VALUES (96,78,'2053413775872208896',4,'дёңеқЎиӮүеҘ—йӨҗ','https://firstaliyun-twk.oss-cn-beijing.aliyuncs.com/images/20260505/8fe8d54549c74b41a316ab889feae966.jpeg',NULL,NULL,16.00,1,16.00,'2026-05-10 17:56:09','2026-05-10 17:56:09',0);
INSERT INTO `order_item` VALUES (97,79,'2053413775909957632',54,'иҷҫжқЎ','https://firstaliyun-twk.oss-cn-beijing.aliyuncs.com/images/20260505/8fe8d54549c74b41a316ab889feae966.jpeg',NULL,NULL,5.00,3,15.00,'2026-05-10 17:56:09','2026-05-10 17:56:09',0);
INSERT INTO `order_item` VALUES (98,80,'2053415580823826432',4,'дёңеқЎиӮүеҘ—йӨҗ','https://firstaliyun-twk.oss-cn-beijing.aliyuncs.com/images/20260505/8fe8d54549c74b41a316ab889feae966.jpeg',NULL,NULL,16.00,1,16.00,'2026-05-10 18:03:19','2026-05-10 18:03:19',0);
INSERT INTO `order_item` VALUES (99,81,'2053415580869963776',54,'иҷҫжқЎ','https://firstaliyun-twk.oss-cn-beijing.aliyuncs.com/images/20260505/8fe8d54549c74b41a316ab889feae966.jpeg',NULL,NULL,5.00,3,15.00,'2026-05-10 18:03:19','2026-05-10 18:03:19',0);
INSERT INTO `order_item` VALUES (100,82,'2053418200305094656',4,'дёңеқЎиӮүеҘ—йӨҗ','https://firstaliyun-twk.oss-cn-beijing.aliyuncs.com/images/20260505/8fe8d54549c74b41a316ab889feae966.jpeg',NULL,NULL,16.00,1,16.00,'2026-05-10 18:13:44','2026-05-10 18:13:44',0);
INSERT INTO `order_item` VALUES (101,83,'2053418200464478208',54,'иҷҫжқЎ','https://firstaliyun-twk.oss-cn-beijing.aliyuncs.com/images/20260505/8fe8d54549c74b41a316ab889feae966.jpeg',NULL,NULL,5.00,3,15.00,'2026-05-10 18:13:44','2026-05-10 18:13:44',0);
INSERT INTO `order_item` VALUES (102,84,'2053418233175855104',4,'дёңеқЎиӮүеҘ—йӨҗ','https://firstaliyun-twk.oss-cn-beijing.aliyuncs.com/images/20260505/8fe8d54549c74b41a316ab889feae966.jpeg',NULL,NULL,16.00,1,16.00,'2026-05-10 18:13:52','2026-05-10 18:13:52',0);
INSERT INTO `order_item` VALUES (103,85,'2053418233234575360',54,'иҷҫжқЎ','https://firstaliyun-twk.oss-cn-beijing.aliyuncs.com/images/20260505/8fe8d54549c74b41a316ab889feae966.jpeg',NULL,NULL,5.00,3,15.00,'2026-05-10 18:13:52','2026-05-10 18:13:52',0);
INSERT INTO `order_item` VALUES (104,86,'2053418814657384448',4,'дёңеқЎиӮүеҘ—йӨҗ','https://firstaliyun-twk.oss-cn-beijing.aliyuncs.com/images/20260505/8fe8d54549c74b41a316ab889feae966.jpeg',NULL,NULL,16.00,1,16.00,'2026-05-10 18:16:10','2026-05-10 18:16:10',0);
INSERT INTO `order_item` VALUES (105,87,'2053418814690938880',54,'иҷҫжқЎ','https://firstaliyun-twk.oss-cn-beijing.aliyuncs.com/images/20260505/8fe8d54549c74b41a316ab889feae966.jpeg',NULL,NULL,5.00,3,15.00,'2026-05-10 18:16:10','2026-05-10 18:16:10',0);
INSERT INTO `order_item` VALUES (106,88,'2053418961411887104',4,'дёңеқЎиӮүеҘ—йӨҗ','https://firstaliyun-twk.oss-cn-beijing.aliyuncs.com/images/20260505/8fe8d54549c74b41a316ab889feae966.jpeg',NULL,NULL,16.00,1,16.00,'2026-05-10 18:16:45','2026-05-10 18:16:45',0);
INSERT INTO `order_item` VALUES (107,89,'2053418961462218752',54,'иҷҫжқЎ','https://firstaliyun-twk.oss-cn-beijing.aliyuncs.com/images/20260505/8fe8d54549c74b41a316ab889feae966.jpeg',NULL,NULL,5.00,3,15.00,'2026-05-10 18:16:45','2026-05-10 18:16:45',0);
INSERT INTO `order_item` VALUES (108,90,'2053419374383058944',4,'дёңеқЎиӮүеҘ—йӨҗ','https://firstaliyun-twk.oss-cn-beijing.aliyuncs.com/images/20260505/8fe8d54549c74b41a316ab889feae966.jpeg',NULL,NULL,16.00,1,16.00,'2026-05-10 18:18:24','2026-05-10 18:18:24',0);
INSERT INTO `order_item` VALUES (109,91,'2053419374408224768',54,'иҷҫжқЎ','https://firstaliyun-twk.oss-cn-beijing.aliyuncs.com/images/20260505/8fe8d54549c74b41a316ab889feae966.jpeg',NULL,NULL,5.00,3,15.00,'2026-05-10 18:18:24','2026-05-10 18:18:24',0);
INSERT INTO `order_item` VALUES (110,92,'2053419465231683584',4,'дёңеқЎиӮүеҘ—йӨҗ','https://firstaliyun-twk.oss-cn-beijing.aliyuncs.com/images/20260505/8fe8d54549c74b41a316ab889feae966.jpeg',NULL,NULL,16.00,1,16.00,'2026-05-10 18:18:45','2026-05-10 18:18:45',0);
INSERT INTO `order_item` VALUES (111,93,'2053419465286209536',54,'иҷҫжқЎ','https://firstaliyun-twk.oss-cn-beijing.aliyuncs.com/images/20260505/8fe8d54549c74b41a316ab889feae966.jpeg',NULL,NULL,5.00,3,15.00,'2026-05-10 18:18:45','2026-05-10 18:18:45',0);
INSERT INTO `order_item` VALUES (112,94,'2054904873937305600',5,'жў…иҸңжүЈиӮүеҘ—йӨҗ','https://firstaliyun-twk.oss-cn-beijing.aliyuncs.com/images/20260505/8fe8d54549c74b41a316ab889feae966.jpeg',NULL,NULL,17.00,1,17.00,'2026-05-14 20:41:14','2026-05-14 20:41:14',0);
INSERT INTO `order_item` VALUES (113,94,'2054904873937305600',1,'зәўзғ§иӮүеҘ—йӨҗ','https://firstaliyun-twk.oss-cn-beijing.aliyuncs.com/images/20260505/8fe8d54549c74b41a316ab889feae966.jpeg',NULL,NULL,15.00,1,15.00,'2026-05-14 20:41:14','2026-05-14 20:41:14',0);
INSERT INTO `order_item` VALUES (114,94,'2054904873937305600',4,'дёңеқЎиӮүеҘ—йӨҗ','https://firstaliyun-twk.oss-cn-beijing.aliyuncs.com/images/20260505/8fe8d54549c74b41a316ab889feae966.jpeg',NULL,NULL,16.00,1,16.00,'2026-05-14 20:41:14','2026-05-14 20:41:14',0);
INSERT INTO `order_item` VALUES (115,94,'2054904873937305600',10,'ең°дёүйІң','https://firstaliyun-twk.oss-cn-beijing.aliyuncs.com/images/20260505/8fe8d54549c74b41a316ab889feae966.jpeg',NULL,NULL,10.00,1,10.00,'2026-05-14 20:41:14','2026-05-14 20:41:14',0);
INSERT INTO `order_item` VALUES (116,95,'2054904874126049280',25,'зәўиұҶеҘ¶иҢ¶','https://firstaliyun-twk.oss-cn-beijing.aliyuncs.com/images/20260505/8fe8d54549c74b41a316ab889feae966.jpeg',NULL,NULL,13.00,1,13.00,'2026-05-14 20:41:14','2026-05-14 20:41:14',0);
INSERT INTO `order_item` VALUES (117,95,'2054904874126049280',24,'иҠӢжіҘеҘ¶иҢ¶','https://firstaliyun-twk.oss-cn-beijing.aliyuncs.com/images/20260505/8fe8d54549c74b41a316ab889feae966.jpeg',NULL,NULL,15.00,1,15.00,'2026-05-14 20:41:14','2026-05-14 20:41:14',0);
INSERT INTO `order_item` VALUES (118,96,'2054904898885025792',5,'жў…иҸңжүЈиӮүеҘ—йӨҗ','https://firstaliyun-twk.oss-cn-beijing.aliyuncs.com/images/20260505/8fe8d54549c74b41a316ab889feae966.jpeg',NULL,NULL,17.00,1,17.00,'2026-05-14 20:41:20','2026-05-14 20:41:20',0);
INSERT INTO `order_item` VALUES (119,96,'2054904898885025792',1,'зәўзғ§иӮүеҘ—йӨҗ','https://firstaliyun-twk.oss-cn-beijing.aliyuncs.com/images/20260505/8fe8d54549c74b41a316ab889feae966.jpeg',NULL,NULL,15.00,1,15.00,'2026-05-14 20:41:20','2026-05-14 20:41:20',0);
INSERT INTO `order_item` VALUES (120,96,'2054904898885025792',4,'дёңеқЎиӮүеҘ—йӨҗ','https://firstaliyun-twk.oss-cn-beijing.aliyuncs.com/images/20260505/8fe8d54549c74b41a316ab889feae966.jpeg',NULL,NULL,16.00,1,16.00,'2026-05-14 20:41:20','2026-05-14 20:41:20',0);
INSERT INTO `order_item` VALUES (121,96,'2054904898885025792',10,'ең°дёүйІң','https://firstaliyun-twk.oss-cn-beijing.aliyuncs.com/images/20260505/8fe8d54549c74b41a316ab889feae966.jpeg',NULL,NULL,10.00,1,10.00,'2026-05-14 20:41:20','2026-05-14 20:41:20',0);
INSERT INTO `order_item` VALUES (122,97,'2054904899040215040',25,'зәўиұҶеҘ¶иҢ¶','https://firstaliyun-twk.oss-cn-beijing.aliyuncs.com/images/20260505/8fe8d54549c74b41a316ab889feae966.jpeg',NULL,NULL,13.00,1,13.00,'2026-05-14 20:41:20','2026-05-14 20:41:20',0);
INSERT INTO `order_item` VALUES (123,97,'2054904899040215040',24,'иҠӢжіҘеҘ¶иҢ¶','https://firstaliyun-twk.oss-cn-beijing.aliyuncs.com/images/20260505/8fe8d54549c74b41a316ab889feae966.jpeg',NULL,NULL,15.00,1,15.00,'2026-05-14 20:41:20','2026-05-14 20:41:20',0);
INSERT INTO `order_item` VALUES (124,98,'2054904919042850816',5,'жў…иҸңжүЈиӮүеҘ—йӨҗ','https://firstaliyun-twk.oss-cn-beijing.aliyuncs.com/images/20260505/8fe8d54549c74b41a316ab889feae966.jpeg',NULL,NULL,17.00,1,17.00,'2026-05-14 20:41:25','2026-05-14 20:41:25',0);
INSERT INTO `order_item` VALUES (125,98,'2054904919042850816',1,'зәўзғ§иӮүеҘ—йӨҗ','https://firstaliyun-twk.oss-cn-beijing.aliyuncs.com/images/20260505/8fe8d54549c74b41a316ab889feae966.jpeg',NULL,NULL,15.00,1,15.00,'2026-05-14 20:41:25','2026-05-14 20:41:25',0);
INSERT INTO `order_item` VALUES (126,98,'2054904919042850816',4,'дёңеқЎиӮүеҘ—йӨҗ','https://firstaliyun-twk.oss-cn-beijing.aliyuncs.com/images/20260505/8fe8d54549c74b41a316ab889feae966.jpeg',NULL,NULL,16.00,1,16.00,'2026-05-14 20:41:25','2026-05-14 20:41:25',0);
INSERT INTO `order_item` VALUES (127,98,'2054904919042850816',10,'ең°дёүйІң','https://firstaliyun-twk.oss-cn-beijing.aliyuncs.com/images/20260505/8fe8d54549c74b41a316ab889feae966.jpeg',NULL,NULL,10.00,1,10.00,'2026-05-14 20:41:25','2026-05-14 20:41:25',0);
INSERT INTO `order_item` VALUES (128,99,'2054904919164485632',25,'зәўиұҶеҘ¶иҢ¶','https://firstaliyun-twk.oss-cn-beijing.aliyuncs.com/images/20260505/8fe8d54549c74b41a316ab889feae966.jpeg',NULL,NULL,13.00,1,13.00,'2026-05-14 20:41:25','2026-05-14 20:41:25',0);
INSERT INTO `order_item` VALUES (129,99,'2054904919164485632',24,'иҠӢжіҘеҘ¶иҢ¶','https://firstaliyun-twk.oss-cn-beijing.aliyuncs.com/images/20260505/8fe8d54549c74b41a316ab889feae966.jpeg',NULL,NULL,15.00,1,15.00,'2026-05-14 20:41:25','2026-05-14 20:41:25',0);
INSERT INTO `order_item` VALUES (130,100,'2054905065893822464',5,'жў…иҸңжүЈиӮүеҘ—йӨҗ','https://firstaliyun-twk.oss-cn-beijing.aliyuncs.com/images/20260505/8fe8d54549c74b41a316ab889feae966.jpeg',NULL,NULL,17.00,1,17.00,'2026-05-14 20:42:00','2026-05-14 20:42:00',0);
INSERT INTO `order_item` VALUES (131,100,'2054905065893822464',1,'зәўзғ§иӮүеҘ—йӨҗ','https://firstaliyun-twk.oss-cn-beijing.aliyuncs.com/images/20260505/8fe8d54549c74b41a316ab889feae966.jpeg',NULL,NULL,15.00,1,15.00,'2026-05-14 20:42:00','2026-05-14 20:42:00',0);
INSERT INTO `order_item` VALUES (132,100,'2054905065893822464',4,'дёңеқЎиӮүеҘ—йӨҗ','https://firstaliyun-twk.oss-cn-beijing.aliyuncs.com/images/20260505/8fe8d54549c74b41a316ab889feae966.jpeg',NULL,NULL,16.00,1,16.00,'2026-05-14 20:42:00','2026-05-14 20:42:00',0);
INSERT INTO `order_item` VALUES (133,100,'2054905065893822464',10,'ең°дёүйІң','https://firstaliyun-twk.oss-cn-beijing.aliyuncs.com/images/20260505/8fe8d54549c74b41a316ab889feae966.jpeg',NULL,NULL,10.00,1,10.00,'2026-05-14 20:42:00','2026-05-14 20:42:00',0);
INSERT INTO `order_item` VALUES (134,101,'2054905065998680064',25,'зәўиұҶеҘ¶иҢ¶','https://firstaliyun-twk.oss-cn-beijing.aliyuncs.com/images/20260505/8fe8d54549c74b41a316ab889feae966.jpeg',NULL,NULL,13.00,1,13.00,'2026-05-14 20:42:00','2026-05-14 20:42:00',0);
INSERT INTO `order_item` VALUES (135,101,'2054905065998680064',24,'иҠӢжіҘеҘ¶иҢ¶','https://firstaliyun-twk.oss-cn-beijing.aliyuncs.com/images/20260505/8fe8d54549c74b41a316ab889feae966.jpeg',NULL,NULL,15.00,1,15.00,'2026-05-14 20:42:00','2026-05-14 20:42:00',0);
INSERT INTO `order_item` VALUES (136,102,'2054906905507135488',5,'жў…иҸңжүЈиӮүеҘ—йӨҗ','https://firstaliyun-twk.oss-cn-beijing.aliyuncs.com/images/20260505/8fe8d54549c74b41a316ab889feae966.jpeg',NULL,NULL,17.00,1,17.00,'2026-05-14 20:49:19','2026-05-14 20:49:19',0);
INSERT INTO `order_item` VALUES (137,102,'2054906905507135488',1,'зәўзғ§иӮүеҘ—йӨҗ','https://firstaliyun-twk.oss-cn-beijing.aliyuncs.com/images/20260505/8fe8d54549c74b41a316ab889feae966.jpeg',NULL,NULL,15.00,1,15.00,'2026-05-14 20:49:19','2026-05-14 20:49:19',0);
INSERT INTO `order_item` VALUES (138,102,'2054906905507135488',4,'дёңеқЎиӮүеҘ—йӨҗ','https://firstaliyun-twk.oss-cn-beijing.aliyuncs.com/images/20260505/8fe8d54549c74b41a316ab889feae966.jpeg',NULL,NULL,16.00,1,16.00,'2026-05-14 20:49:19','2026-05-14 20:49:19',0);
INSERT INTO `order_item` VALUES (139,102,'2054906905507135488',10,'ең°дёүйІң','https://firstaliyun-twk.oss-cn-beijing.aliyuncs.com/images/20260505/8fe8d54549c74b41a316ab889feae966.jpeg',NULL,NULL,10.00,1,10.00,'2026-05-14 20:49:19','2026-05-14 20:49:19',0);
INSERT INTO `order_item` VALUES (140,103,'2054906905616187392',25,'зәўиұҶеҘ¶иҢ¶','https://firstaliyun-twk.oss-cn-beijing.aliyuncs.com/images/20260505/8fe8d54549c74b41a316ab889feae966.jpeg',NULL,NULL,13.00,1,13.00,'2026-05-14 20:49:19','2026-05-14 20:49:19',0);
INSERT INTO `order_item` VALUES (141,103,'2054906905616187392',24,'иҠӢжіҘеҘ¶иҢ¶','https://firstaliyun-twk.oss-cn-beijing.aliyuncs.com/images/20260505/8fe8d54549c74b41a316ab889feae966.jpeg',NULL,NULL,15.00,1,15.00,'2026-05-14 20:49:19','2026-05-14 20:49:19',0);
INSERT INTO `order_item` VALUES (142,104,'2054912540558786560',5,'жў…иҸңжүЈиӮүеҘ—йӨҗ','https://firstaliyun-twk.oss-cn-beijing.aliyuncs.com/images/20260505/8fe8d54549c74b41a316ab889feae966.jpeg',NULL,NULL,17.00,1,17.00,'2026-05-14 21:11:42','2026-05-14 21:11:42',0);
INSERT INTO `order_item` VALUES (143,104,'2054912540558786560',1,'зәўзғ§иӮүеҘ—йӨҗ','https://firstaliyun-twk.oss-cn-beijing.aliyuncs.com/images/20260505/8fe8d54549c74b41a316ab889feae966.jpeg',NULL,NULL,15.00,1,15.00,'2026-05-14 21:11:42','2026-05-14 21:11:42',0);
INSERT INTO `order_item` VALUES (144,104,'2054912540558786560',4,'дёңеқЎиӮүеҘ—йӨҗ','https://firstaliyun-twk.oss-cn-beijing.aliyuncs.com/images/20260505/8fe8d54549c74b41a316ab889feae966.jpeg',NULL,NULL,16.00,1,16.00,'2026-05-14 21:11:42','2026-05-14 21:11:42',0);
INSERT INTO `order_item` VALUES (145,104,'2054912540558786560',10,'ең°дёүйІң','https://firstaliyun-twk.oss-cn-beijing.aliyuncs.com/images/20260505/8fe8d54549c74b41a316ab889feae966.jpeg',NULL,NULL,10.00,1,10.00,'2026-05-14 21:11:42','2026-05-14 21:11:42',0);
INSERT INTO `order_item` VALUES (146,105,'2054912540856582144',25,'зәўиұҶеҘ¶иҢ¶','https://firstaliyun-twk.oss-cn-beijing.aliyuncs.com/images/20260505/8fe8d54549c74b41a316ab889feae966.jpeg',NULL,NULL,13.00,1,13.00,'2026-05-14 21:11:42','2026-05-14 21:11:42',0);
INSERT INTO `order_item` VALUES (147,105,'2054912540856582144',24,'иҠӢжіҘеҘ¶иҢ¶','https://firstaliyun-twk.oss-cn-beijing.aliyuncs.com/images/20260505/8fe8d54549c74b41a316ab889feae966.jpeg',NULL,NULL,15.00,1,15.00,'2026-05-14 21:11:42','2026-05-14 21:11:42',0);
INSERT INTO `order_item` VALUES (148,106,'2054912549836587008',5,'жў…иҸңжүЈиӮүеҘ—йӨҗ','https://firstaliyun-twk.oss-cn-beijing.aliyuncs.com/images/20260505/8fe8d54549c74b41a316ab889feae966.jpeg',NULL,NULL,17.00,1,17.00,'2026-05-14 21:11:44','2026-05-14 21:11:44',0);
INSERT INTO `order_item` VALUES (149,106,'2054912549836587008',1,'зәўзғ§иӮүеҘ—йӨҗ','https://firstaliyun-twk.oss-cn-beijing.aliyuncs.com/images/20260505/8fe8d54549c74b41a316ab889feae966.jpeg',NULL,NULL,15.00,1,15.00,'2026-05-14 21:11:44','2026-05-14 21:11:44',0);
INSERT INTO `order_item` VALUES (150,106,'2054912549836587008',4,'дёңеқЎиӮүеҘ—йӨҗ','https://firstaliyun-twk.oss-cn-beijing.aliyuncs.com/images/20260505/8fe8d54549c74b41a316ab889feae966.jpeg',NULL,NULL,16.00,1,16.00,'2026-05-14 21:11:44','2026-05-14 21:11:44',0);
INSERT INTO `order_item` VALUES (151,106,'2054912549836587008',10,'ең°дёүйІң','https://firstaliyun-twk.oss-cn-beijing.aliyuncs.com/images/20260505/8fe8d54549c74b41a316ab889feae966.jpeg',NULL,NULL,10.00,1,10.00,'2026-05-14 21:11:44','2026-05-14 21:11:44',0);
INSERT INTO `order_item` VALUES (152,107,'2054912549974999040',25,'зәўиұҶеҘ¶иҢ¶','https://firstaliyun-twk.oss-cn-beijing.aliyuncs.com/images/20260505/8fe8d54549c74b41a316ab889feae966.jpeg',NULL,NULL,13.00,1,13.00,'2026-05-14 21:11:45','2026-05-14 21:11:45',0);
INSERT INTO `order_item` VALUES (153,107,'2054912549974999040',24,'иҠӢжіҘеҘ¶иҢ¶','https://firstaliyun-twk.oss-cn-beijing.aliyuncs.com/images/20260505/8fe8d54549c74b41a316ab889feae966.jpeg',NULL,NULL,15.00,1,15.00,'2026-05-14 21:11:45','2026-05-14 21:11:45',0);
INSERT INTO `order_item` VALUES (154,108,'2054914640642682880',5,'жў…иҸңжүЈиӮүеҘ—йӨҗ','https://firstaliyun-twk.oss-cn-beijing.aliyuncs.com/images/20260505/8fe8d54549c74b41a316ab889feae966.jpeg',NULL,NULL,17.00,1,17.00,'2026-05-14 21:20:03','2026-05-14 21:20:03',0);
INSERT INTO `order_item` VALUES (155,108,'2054914640642682880',4,'дёңеқЎиӮүеҘ—йӨҗ','https://firstaliyun-twk.oss-cn-beijing.aliyuncs.com/images/20260505/8fe8d54549c74b41a316ab889feae966.jpeg',NULL,NULL,16.00,1,16.00,'2026-05-14 21:20:03','2026-05-14 21:20:03',0);
/*!40000 ALTER TABLE `order_item` ENABLE KEYS */;
UNLOCK TABLES;

--
-- Table structure for table `order_status_log`
--

DROP TABLE IF EXISTS `order_status_log`;
/*!40101 SET @saved_cs_client     = @@character_set_client */;
/*!50503 SET character_set_client = utf8mb4 */;
CREATE TABLE `order_status_log` (
  `log_id` bigint(20) NOT NULL AUTO_INCREMENT COMMENT 'ж—Ҙеҝ—ID',
  `order_id` bigint(20) NOT NULL COMMENT 'и®ўеҚ•ID',
  `order_no` varchar(32) COLLATE utf8mb4_unicode_ci NOT NULL COMMENT 'и®ўеҚ•зј–еҸ·',
  `pre_status` tinyint(4) DEFAULT NULL COMMENT 'еҸҳжӣҙеүҚзҠ¶жҖҒ',
  `current_status` tinyint(4) NOT NULL COMMENT 'еҸҳжӣҙеҗҺзҠ¶жҖҒ',
  `operation_type` varchar(32) COLLATE utf8mb4_unicode_ci NOT NULL COMMENT 'ж“ҚдҪңзұ»еһӢпјҲеҰӮпјҡз”ЁжҲ·дёӢеҚ•гҖҒе•Ҷе®¶жҺҘеҚ•гҖҒз”ЁжҲ·еҸ–ж¶Ҳпјү',
  `operation_user_id` bigint(20) NOT NULL COMMENT 'ж“ҚдҪңдәәID',
  `operation_user_name` varchar(64) COLLATE utf8mb4_unicode_ci NOT NULL COMMENT 'ж“ҚдҪңдәәеҗҚз§°',
  `operation_remark` varchar(255) COLLATE utf8mb4_unicode_ci DEFAULT '' COMMENT 'ж“ҚдҪңеӨҮжіЁ',
  `operation_time` datetime NOT NULL DEFAULT CURRENT_TIMESTAMP COMMENT 'ж“ҚдҪңж—¶й—ҙ',
  PRIMARY KEY (`log_id`),
  KEY `idx_order_id` (`order_id`),
  KEY `idx_order_no` (`order_no`)
) ENGINE=InnoDB AUTO_INCREMENT=111 DEFAULT CHARSET=utf8mb4 COLLATE=utf8mb4_unicode_ci COMMENT='и®ўеҚ•зҠ¶жҖҒжөҒиҪ¬ж—Ҙеҝ—иЎЁ';
/*!40101 SET character_set_client = @saved_cs_client */;

--
-- Dumping data for table `order_status_log`
--

LOCK TABLES `order_status_log` WRITE;
/*!40000 ALTER TABLE `order_status_log` DISABLE KEYS */;
INSERT INTO `order_status_log` VALUES (1,14,'202403240002',3,4,'и®ўеҚ•зҠ¶жҖҒжӣҙж–°',7,'з¬¬дёҖйЈҹе Ӯеҝ«йӨҗ','','2026-05-05 20:36:26');
INSERT INTO `order_status_log` VALUES (2,7,'202403220002',0,6,'з”ЁжҲ·еҸ–ж¶Ҳи®ўеҚ•',2,'еј дёү','','2026-05-09 20:49:09');
INSERT INTO `order_status_log` VALUES (3,51,'2053160649143365632',NULL,0,'з”ЁжҲ·дёӢеҚ•',2,'еј дёү','','2026-05-10 01:10:19');
INSERT INTO `order_status_log` VALUES (4,52,'2053160678260224000',NULL,0,'з”ЁжҲ·дёӢеҚ•',2,'еј дёү','','2026-05-10 01:10:26');
INSERT INTO `order_status_log` VALUES (5,53,'2053160692382445568',NULL,0,'з”ЁжҲ·дёӢеҚ•',2,'еј дёү','','2026-05-10 01:10:30');
INSERT INTO `order_status_log` VALUES (6,54,'2053161032418865152',NULL,0,'з”ЁжҲ·дёӢеҚ•',2,'еј дёү','','2026-05-10 01:11:51');
INSERT INTO `order_status_log` VALUES (7,55,'2053161052308254720',NULL,0,'з”ЁжҲ·дёӢеҚ•',2,'еј дёү','','2026-05-10 01:11:55');
INSERT INTO `order_status_log` VALUES (8,56,'2053161198177759232',NULL,0,'з”ЁжҲ·дёӢеҚ•',2,'еј дёү','','2026-05-10 01:12:30');
INSERT INTO `order_status_log` VALUES (9,57,'2053161215290519552',NULL,0,'з”ЁжҲ·дёӢеҚ•',2,'еј дёү','','2026-05-10 01:12:34');
INSERT INTO `order_status_log` VALUES (10,58,'2053161348199624704',NULL,0,'з”ЁжҲ·дёӢеҚ•',2,'еј дёү','','2026-05-10 01:13:06');
INSERT INTO `order_status_log` VALUES (11,59,'2053161366839111680',NULL,0,'з”ЁжҲ·дёӢеҚ•',2,'еј дёү','','2026-05-10 01:13:10');
INSERT INTO `order_status_log` VALUES (12,60,'2053161386090967040',NULL,0,'з”ЁжҲ·дёӢеҚ•',2,'еј дёү','','2026-05-10 01:13:15');
INSERT INTO `order_status_log` VALUES (13,61,'2053161404801757184',NULL,0,'з”ЁжҲ·дёӢеҚ•',2,'еј дёү','','2026-05-10 01:13:19');
INSERT INTO `order_status_log` VALUES (14,62,'2053161678509453312',NULL,0,'з”ЁжҲ·дёӢеҚ•',2,'еј дёү','','2026-05-10 01:14:25');
INSERT INTO `order_status_log` VALUES (15,63,'2053161696368799744',NULL,0,'з”ЁжҲ·дёӢеҚ•',2,'еј дёү','','2026-05-10 01:14:29');
INSERT INTO `order_status_log` VALUES (16,64,'2053161718397284352',NULL,0,'з”ЁжҲ·дёӢеҚ•',2,'еј дёү','','2026-05-10 01:14:34');
INSERT INTO `order_status_log` VALUES (17,65,'2053161764266192896',NULL,0,'з”ЁжҲ·дёӢеҚ•',2,'еј дёү','','2026-05-10 01:14:45');
INSERT INTO `order_status_log` VALUES (18,66,'2053162052305825792',NULL,0,'з”ЁжҲ·дёӢеҚ•',2,'еј дёү','','2026-05-10 01:15:54');
INSERT INTO `order_status_log` VALUES (19,67,'2053162070764957696',NULL,0,'з”ЁжҲ·дёӢеҚ•',2,'еј дёү','','2026-05-10 01:15:58');
INSERT INTO `order_status_log` VALUES (20,55,'2053161052308254720',0,6,'з”ЁжҲ·еҸ–ж¶Ҳи®ўеҚ•',2,'еј дёү','','2026-05-10 01:20:07');
INSERT INTO `order_status_log` VALUES (21,57,'2053161215290519552',0,6,'з”ЁжҲ·еҸ–ж¶Ҳи®ўеҚ•',2,'еј дёү','','2026-05-10 01:20:09');
INSERT INTO `order_status_log` VALUES (22,56,'2053161198177759232',0,6,'з”ЁжҲ·еҸ–ж¶Ҳи®ўеҚ•',2,'еј дёү','','2026-05-10 01:20:11');
INSERT INTO `order_status_log` VALUES (23,54,'2053161032418865152',0,6,'з”ЁжҲ·еҸ–ж¶Ҳи®ўеҚ•',2,'еј дёү','','2026-05-10 01:20:14');
INSERT INTO `order_status_log` VALUES (24,53,'2053160692382445568',0,6,'з”ЁжҲ·еҸ–ж¶Ҳи®ўеҚ•',2,'еј дёү','','2026-05-10 01:20:16');
INSERT INTO `order_status_log` VALUES (25,52,'2053160678260224000',0,6,'з”ЁжҲ·еҸ–ж¶Ҳи®ўеҚ•',2,'еј дёү','','2026-05-10 01:20:18');
INSERT INTO `order_status_log` VALUES (26,68,'2053167779875414016',NULL,0,'з”ЁжҲ·дёӢеҚ•',2,'еј дёү','','2026-05-10 01:38:39');
INSERT INTO `order_status_log` VALUES (27,69,'2053167814918823936',NULL,0,'з”ЁжҲ·дёӢеҚ•',2,'еј дёү','','2026-05-10 01:38:48');
INSERT INTO `order_status_log` VALUES (28,70,'2053167831872200704',NULL,0,'з”ЁжҲ·дёӢеҚ•',2,'еј дёү','','2026-05-10 01:38:52');
INSERT INTO `order_status_log` VALUES (29,71,'2053167847353376768',NULL,0,'з”ЁжҲ·дёӢеҚ•',2,'еј дёү','','2026-05-10 01:38:55');
INSERT INTO `order_status_log` VALUES (30,72,'2053168118083117056',NULL,0,'з”ЁжҲ·дёӢеҚ•',2,'еј дёү','','2026-05-10 01:40:00');
INSERT INTO `order_status_log` VALUES (31,73,'2053168132406665216',NULL,0,'з”ЁжҲ·дёӢеҚ•',2,'еј дёү','','2026-05-10 01:40:03');
INSERT INTO `order_status_log` VALUES (32,74,'2053169287610261504',NULL,0,'з”ЁжҲ·дёӢеҚ•',2,'еј дёү','','2026-05-10 01:44:39');
INSERT INTO `order_status_log` VALUES (33,75,'2053169287689953280',NULL,0,'з”ЁжҲ·дёӢеҚ•',2,'еј дёү','','2026-05-10 01:44:39');
INSERT INTO `order_status_log` VALUES (34,74,'2053169287610261504',0,6,'з”ЁжҲ·еҸ–ж¶Ҳи®ўеҚ•',2,'еј дёү','','2026-05-10 02:41:45');
INSERT INTO `order_status_log` VALUES (35,75,'2053169287689953280',0,6,'з”ЁжҲ·еҸ–ж¶Ҳи®ўеҚ•',2,'еј дёү','','2026-05-10 02:44:30');
INSERT INTO `order_status_log` VALUES (36,73,'2053168132406665216',0,6,'з”ЁжҲ·еҸ–ж¶Ҳи®ўеҚ•',2,'еј дёү','','2026-05-10 02:44:32');
INSERT INTO `order_status_log` VALUES (37,72,'2053168118083117056',0,6,'з”ЁжҲ·еҸ–ж¶Ҳи®ўеҚ•',2,'еј дёү','','2026-05-10 02:44:34');
INSERT INTO `order_status_log` VALUES (38,71,'2053167847353376768',0,6,'з”ЁжҲ·еҸ–ж¶Ҳи®ўеҚ•',2,'еј дёү','','2026-05-10 02:44:36');
INSERT INTO `order_status_log` VALUES (39,70,'2053167831872200704',0,6,'з”ЁжҲ·еҸ–ж¶Ҳи®ўеҚ•',2,'еј дёү','','2026-05-10 02:44:38');
INSERT INTO `order_status_log` VALUES (40,69,'2053167814918823936',0,6,'з”ЁжҲ·еҸ–ж¶Ҳи®ўеҚ•',2,'еј дёү','','2026-05-10 02:44:40');
INSERT INTO `order_status_log` VALUES (41,68,'2053167779875414016',0,6,'з”ЁжҲ·еҸ–ж¶Ҳи®ўеҚ•',2,'еј дёү','','2026-05-10 02:44:42');
INSERT INTO `order_status_log` VALUES (42,67,'2053162070764957696',0,6,'з”ЁжҲ·еҸ–ж¶Ҳи®ўеҚ•',2,'еј дёү','','2026-05-10 02:44:45');
INSERT INTO `order_status_log` VALUES (43,66,'2053162052305825792',0,6,'з”ЁжҲ·еҸ–ж¶Ҳи®ўеҚ•',2,'еј дёү','','2026-05-10 02:44:47');
INSERT INTO `order_status_log` VALUES (44,65,'2053161764266192896',0,6,'з”ЁжҲ·еҸ–ж¶Ҳи®ўеҚ•',2,'еј дёү','','2026-05-10 02:44:50');
INSERT INTO `order_status_log` VALUES (45,64,'2053161718397284352',0,6,'з”ЁжҲ·еҸ–ж¶Ҳи®ўеҚ•',2,'еј дёү','','2026-05-10 02:44:52');
INSERT INTO `order_status_log` VALUES (46,63,'2053161696368799744',0,6,'з”ЁжҲ·еҸ–ж¶Ҳи®ўеҚ•',2,'еј дёү','','2026-05-10 02:44:55');
INSERT INTO `order_status_log` VALUES (47,62,'2053161678509453312',0,6,'з”ЁжҲ·еҸ–ж¶Ҳи®ўеҚ•',2,'еј дёү','','2026-05-10 02:44:57');
INSERT INTO `order_status_log` VALUES (48,61,'2053161404801757184',0,6,'з”ЁжҲ·еҸ–ж¶Ҳи®ўеҚ•',2,'еј дёү','','2026-05-10 02:44:59');
INSERT INTO `order_status_log` VALUES (49,60,'2053161386090967040',0,6,'з”ЁжҲ·еҸ–ж¶Ҳи®ўеҚ•',2,'еј дёү','','2026-05-10 02:45:02');
INSERT INTO `order_status_log` VALUES (50,59,'2053161366839111680',0,6,'з”ЁжҲ·еҸ–ж¶Ҳи®ўеҚ•',2,'еј дёү','','2026-05-10 02:45:04');
INSERT INTO `order_status_log` VALUES (51,58,'2053161348199624704',0,6,'з”ЁжҲ·еҸ–ж¶Ҳи®ўеҚ•',2,'еј дёү','','2026-05-10 02:45:06');
INSERT INTO `order_status_log` VALUES (52,51,'2053160649143365632',0,6,'з”ЁжҲ·еҸ–ж¶Ҳи®ўеҚ•',2,'еј дёү','','2026-05-10 02:45:10');
INSERT INTO `order_status_log` VALUES (55,78,'2053413775872208896',NULL,0,'з”ЁжҲ·дёӢеҚ•',2,'еј дёү','','2026-05-10 17:56:09');
INSERT INTO `order_status_log` VALUES (56,79,'2053413775909957632',NULL,0,'з”ЁжҲ·дёӢеҚ•',2,'еј дёү','','2026-05-10 17:56:09');
INSERT INTO `order_status_log` VALUES (57,80,'2053415580823826432',NULL,0,'з”ЁжҲ·дёӢеҚ•',2,'еј дёү','','2026-05-10 18:03:20');
INSERT INTO `order_status_log` VALUES (58,81,'2053415580869963776',NULL,0,'з”ЁжҲ·дёӢеҚ•',2,'еј дёү','','2026-05-10 18:03:20');
INSERT INTO `order_status_log` VALUES (59,80,'2053415580823826432',0,1,'и®ўеҚ•зҠ¶жҖҒжӣҙж–°',2,'еј дёү','','2026-05-10 18:08:43');
INSERT INTO `order_status_log` VALUES (60,81,'2053415580869963776',0,1,'и®ўеҚ•зҠ¶жҖҒжӣҙж–°',2,'еј дёү','','2026-05-10 18:08:47');
INSERT INTO `order_status_log` VALUES (61,82,'2053418200305094656',NULL,0,'з”ЁжҲ·дёӢеҚ•',2,'еј дёү','','2026-05-10 18:13:44');
INSERT INTO `order_status_log` VALUES (62,83,'2053418200464478208',NULL,0,'з”ЁжҲ·дёӢеҚ•',2,'еј дёү','','2026-05-10 18:13:44');
INSERT INTO `order_status_log` VALUES (63,82,'2053418200305094656',0,1,'и®ўеҚ•зҠ¶жҖҒжӣҙж–°',2,'еј дёү','','2026-05-10 18:13:46');
INSERT INTO `order_status_log` VALUES (64,83,'2053418200464478208',0,1,'и®ўеҚ•зҠ¶жҖҒжӣҙж–°',2,'еј дёү','','2026-05-10 18:13:48');
INSERT INTO `order_status_log` VALUES (65,84,'2053418233175855104',NULL,0,'з”ЁжҲ·дёӢеҚ•',2,'еј дёү','','2026-05-10 18:13:52');
INSERT INTO `order_status_log` VALUES (66,85,'2053418233234575360',NULL,0,'з”ЁжҲ·дёӢеҚ•',2,'еј дёү','','2026-05-10 18:13:52');
INSERT INTO `order_status_log` VALUES (67,84,'2053418233175855104',0,1,'и®ўеҚ•зҠ¶жҖҒжӣҙж–°',2,'еј дёү','','2026-05-10 18:13:53');
INSERT INTO `order_status_log` VALUES (68,85,'2053418233234575360',0,1,'и®ўеҚ•зҠ¶жҖҒжӣҙж–°',2,'еј дёү','','2026-05-10 18:13:55');
INSERT INTO `order_status_log` VALUES (69,86,'2053418814657384448',NULL,0,'з”ЁжҲ·дёӢеҚ•',2,'еј дёү','','2026-05-10 18:16:11');
INSERT INTO `order_status_log` VALUES (70,87,'2053418814690938880',NULL,0,'з”ЁжҲ·дёӢеҚ•',2,'еј дёү','','2026-05-10 18:16:11');
INSERT INTO `order_status_log` VALUES (71,86,'2053418814657384448',0,1,'и®ўеҚ•зҠ¶жҖҒжӣҙж–°',2,'еј дёү','','2026-05-10 18:16:12');
INSERT INTO `order_status_log` VALUES (72,87,'2053418814690938880',0,1,'и®ўеҚ•зҠ¶жҖҒжӣҙж–°',2,'еј дёү','','2026-05-10 18:16:13');
INSERT INTO `order_status_log` VALUES (73,88,'2053418961411887104',NULL,0,'з”ЁжҲ·дёӢеҚ•',2,'еј дёү','','2026-05-10 18:16:46');
INSERT INTO `order_status_log` VALUES (74,89,'2053418961462218752',NULL,0,'з”ЁжҲ·дёӢеҚ•',2,'еј дёү','','2026-05-10 18:16:46');
INSERT INTO `order_status_log` VALUES (75,88,'2053418961411887104',0,1,'и®ўеҚ•зҠ¶жҖҒжӣҙж–°',2,'еј дёү','','2026-05-10 18:16:47');
INSERT INTO `order_status_log` VALUES (76,89,'2053418961462218752',0,1,'и®ўеҚ•зҠ¶жҖҒжӣҙж–°',2,'еј дёү','','2026-05-10 18:16:48');
INSERT INTO `order_status_log` VALUES (77,90,'2053419374383058944',NULL,0,'з”ЁжҲ·дёӢеҚ•',2,'еј дёү','','2026-05-10 18:18:24');
INSERT INTO `order_status_log` VALUES (78,91,'2053419374408224768',NULL,0,'з”ЁжҲ·дёӢеҚ•',2,'еј дёү','','2026-05-10 18:18:24');
INSERT INTO `order_status_log` VALUES (79,90,'2053419374383058944',0,1,'и®ўеҚ•зҠ¶жҖҒжӣҙж–°',2,'еј дёү','','2026-05-10 18:18:25');
INSERT INTO `order_status_log` VALUES (80,91,'2053419374408224768',0,1,'и®ўеҚ•зҠ¶жҖҒжӣҙж–°',2,'еј дёү','','2026-05-10 18:18:26');
INSERT INTO `order_status_log` VALUES (81,92,'2053419465231683584',NULL,0,'з”ЁжҲ·дёӢеҚ•',2,'еј дёү','','2026-05-10 18:18:46');
INSERT INTO `order_status_log` VALUES (82,93,'2053419465286209536',NULL,0,'з”ЁжҲ·дёӢеҚ•',2,'еј дёү','','2026-05-10 18:18:46');
INSERT INTO `order_status_log` VALUES (83,92,'2053419465231683584',0,1,'и®ўеҚ•зҠ¶жҖҒжӣҙж–°',2,'еј дёү','','2026-05-10 18:18:47');
INSERT INTO `order_status_log` VALUES (84,93,'2053419465286209536',0,1,'и®ўеҚ•зҠ¶жҖҒжӣҙж–°',2,'еј дёү','','2026-05-10 18:18:48');
INSERT INTO `order_status_log` VALUES (85,78,'2053413775872208896',0,1,'и®ўеҚ•зҠ¶жҖҒжӣҙж–°',2,'еј дёү','','2026-05-14 20:40:38');
INSERT INTO `order_status_log` VALUES (86,94,'2054904873937305600',NULL,0,'з”ЁжҲ·дёӢеҚ•',2,'еј дёү','','2026-05-14 20:41:15');
INSERT INTO `order_status_log` VALUES (87,95,'2054904874126049280',NULL,0,'з”ЁжҲ·дёӢеҚ•',2,'еј дёү','','2026-05-14 20:41:15');
INSERT INTO `order_status_log` VALUES (88,96,'2054904898885025792',NULL,0,'з”ЁжҲ·дёӢеҚ•',2,'еј дёү','','2026-05-14 20:41:21');
INSERT INTO `order_status_log` VALUES (89,97,'2054904899040215040',NULL,0,'з”ЁжҲ·дёӢеҚ•',2,'еј дёү','','2026-05-14 20:41:21');
INSERT INTO `order_status_log` VALUES (90,98,'2054904919042850816',NULL,0,'з”ЁжҲ·дёӢеҚ•',2,'еј дёү','','2026-05-14 20:41:26');
INSERT INTO `order_status_log` VALUES (91,99,'2054904919164485632',NULL,0,'з”ЁжҲ·дёӢеҚ•',2,'еј дёү','','2026-05-14 20:41:26');
INSERT INTO `order_status_log` VALUES (92,100,'2054905065893822464',NULL,0,'з”ЁжҲ·дёӢеҚ•',2,'еј дёү','','2026-05-14 20:42:01');
INSERT INTO `order_status_log` VALUES (93,101,'2054905065998680064',NULL,0,'з”ЁжҲ·дёӢеҚ•',2,'еј дёү','','2026-05-14 20:42:01');
INSERT INTO `order_status_log` VALUES (94,102,'2054906905507135488',NULL,0,'з”ЁжҲ·дёӢеҚ•',2,'еј дёү','','2026-05-14 20:49:19');
INSERT INTO `order_status_log` VALUES (95,103,'2054906905616187392',NULL,0,'з”ЁжҲ·дёӢеҚ•',2,'еј дёү','','2026-05-14 20:49:19');
INSERT INTO `order_status_log` VALUES (96,102,'2054906905507135488',0,1,'и®ўеҚ•зҠ¶жҖҒжӣҙж–°',2,'еј дёү','','2026-05-14 20:52:40');
INSERT INTO `order_status_log` VALUES (97,103,'2054906905616187392',0,1,'и®ўеҚ•зҠ¶жҖҒжӣҙж–°',2,'еј дёү','','2026-05-14 20:52:47');
INSERT INTO `order_status_log` VALUES (98,101,'2054905065998680064',0,1,'и®ўеҚ•зҠ¶жҖҒжӣҙж–°',2,'еј дёү','','2026-05-14 20:53:24');
INSERT INTO `order_status_log` VALUES (99,100,'2054905065893822464',0,1,'и®ўеҚ•зҠ¶жҖҒжӣҙж–°',2,'еј дёү','','2026-05-14 20:53:38');
INSERT INTO `order_status_log` VALUES (100,99,'2054904919164485632',0,1,'и®ўеҚ•зҠ¶жҖҒжӣҙж–°',2,'еј дёү','','2026-05-14 20:53:52');
INSERT INTO `order_status_log` VALUES (101,104,'2054912540558786560',NULL,0,'з”ЁжҲ·дёӢеҚ•',2,'еј дёү','','2026-05-14 21:11:43');
INSERT INTO `order_status_log` VALUES (102,105,'2054912540856582144',NULL,0,'з”ЁжҲ·дёӢеҚ•',2,'еј дёү','','2026-05-14 21:11:43');
INSERT INTO `order_status_log` VALUES (103,106,'2054912549836587008',NULL,0,'з”ЁжҲ·дёӢеҚ•',2,'еј дёү','','2026-05-14 21:11:45');
INSERT INTO `order_status_log` VALUES (104,107,'2054912549974999040',NULL,0,'з”ЁжҲ·дёӢеҚ•',2,'еј дёү','','2026-05-14 21:11:45');
INSERT INTO `order_status_log` VALUES (105,106,'2054912549836587008',0,1,'и®ўеҚ•зҠ¶жҖҒжӣҙж–°',2,'еј дёү','','2026-05-14 21:11:47');
INSERT INTO `order_status_log` VALUES (106,107,'2054912549974999040',0,1,'и®ўеҚ•зҠ¶жҖҒжӣҙж–°',2,'еј дёү','','2026-05-14 21:11:48');
INSERT INTO `order_status_log` VALUES (107,104,'2054912540558786560',0,1,'и®ўеҚ•зҠ¶жҖҒжӣҙж–°',2,'еј дёү','','2026-05-14 21:12:08');
INSERT INTO `order_status_log` VALUES (108,108,'2054914640642682880',NULL,0,'з”ЁжҲ·дёӢеҚ•',2,'еј дёү','','2026-05-14 21:20:04');
INSERT INTO `order_status_log` VALUES (109,108,'2054914640642682880',0,1,'и®ўеҚ•зҠ¶жҖҒжӣҙж–°',2,'еј дёү','','2026-05-14 21:20:05');
INSERT INTO `order_status_log` VALUES (110,105,'2054912540856582144',0,1,'и®ўеҚ•зҠ¶жҖҒжӣҙж–°',2,'еј дёү','','2026-05-14 21:20:13');
/*!40000 ALTER TABLE `order_status_log` ENABLE KEYS */;
UNLOCK TABLES;

--
-- Table structure for table `payment_info`
--

DROP TABLE IF EXISTS `payment_info`;
/*!40101 SET @saved_cs_client     = @@character_set_client */;
/*!50503 SET character_set_client = utf8mb4 */;
CREATE TABLE `payment_info` (
  `payment_id` bigint(20) NOT NULL AUTO_INCREMENT COMMENT 'ж”Ҝд»ҳи®°еҪ•ID',
  `out_trade_no` varchar(32) COLLATE utf8mb4_unicode_ci NOT NULL COMMENT 'е•ҶжҲ·и®ўеҚ•еҸ·пјҲеҜ№еә”order_noпјү',
  `transaction_id` varchar(64) COLLATE utf8mb4_unicode_ci DEFAULT '' COMMENT 'з¬¬дёүж–№ж”Ҝд»ҳжөҒж°ҙеҸ·',
  `order_id` bigint(20) NOT NULL COMMENT 'и®ўеҚ•ID',
  `user_id` bigint(20) NOT NULL COMMENT 'ж”Ҝд»ҳз”ЁжҲ·ID',
  `pay_type` tinyint(4) NOT NULL COMMENT 'ж”Ҝд»ҳж–№ејҸпјҡ1-еҫ®дҝЎж”Ҝд»ҳ 2-ж”Ҝд»ҳе®қж”Ҝд»ҳ',
  `pay_amount` decimal(10,2) NOT NULL DEFAULT '0.00' COMMENT 'ж”Ҝд»ҳйҮ‘йўқ',
  `pay_status` tinyint(4) NOT NULL DEFAULT '0' COMMENT 'ж”Ҝд»ҳзҠ¶жҖҒпјҡ0-еҫ…ж”Ҝд»ҳ 1-ж”Ҝд»ҳжҲҗеҠҹ 2-ж”Ҝд»ҳеӨұиҙҘ 3-е·Іе…ій—ӯ 4-е·ІйҖҖж¬ҫ',
  `pay_time` datetime DEFAULT NULL COMMENT 'ж”Ҝд»ҳе®ҢжҲҗж—¶й—ҙ',
  `callback_content` text COLLATE utf8mb4_unicode_ci COMMENT 'ж”Ҝд»ҳеӣһи°ғеҺҹе§Ӣж•°жҚ®',
  `create_time` datetime NOT NULL DEFAULT CURRENT_TIMESTAMP COMMENT 'еҲӣе»әж—¶й—ҙ',
  `update_time` datetime NOT NULL DEFAULT CURRENT_TIMESTAMP ON UPDATE CURRENT_TIMESTAMP COMMENT 'жӣҙж–°ж—¶й—ҙ',
  `is_deleted` tinyint(4) NOT NULL DEFAULT '0' COMMENT 'йҖ»иҫ‘еҲ йҷӨ',
  PRIMARY KEY (`payment_id`),
  UNIQUE KEY `uk_out_trade_no` (`out_trade_no`),
  UNIQUE KEY `uk_transaction_id` (`transaction_id`),
  KEY `idx_order_id` (`order_id`),
  KEY `idx_user_id` (`user_id`),
  KEY `idx_pay_type` (`pay_type`),
  KEY `idx_pay_status` (`pay_status`)
) ENGINE=InnoDB AUTO_INCREMENT=22 DEFAULT CHARSET=utf8mb4 COLLATE=utf8mb4_unicode_ci COMMENT='ж”Ҝд»ҳи®°еҪ•иЎЁ';
/*!40101 SET character_set_client = @saved_cs_client */;

--
-- Dumping data for table `payment_info`
--

LOCK TABLES `payment_info` WRITE;
/*!40000 ALTER TABLE `payment_info` DISABLE KEYS */;
INSERT INTO `payment_info` VALUES (1,'2053413775872208896','',78,2,2,17.00,1,'2026-05-14 20:40:38',NULL,'2026-05-14 20:40:38','2026-05-14 20:40:38',0);
INSERT INTO `payment_info` VALUES (12,'2054906905507135488','2054907745663983616',102,2,1,59.00,1,'2026-05-14 20:52:40',NULL,'2026-05-14 20:52:40','2026-05-14 20:52:40',0);
INSERT INTO `payment_info` VALUES (13,'2054906905616187392','2054907775233826816',103,2,1,28.00,1,'2026-05-14 20:52:47',NULL,'2026-05-14 20:52:47','2026-05-14 20:52:47',0);
INSERT INTO `payment_info` VALUES (14,'2054905065998680064','2054907930490183680',101,2,1,28.00,1,'2026-05-14 20:53:24',NULL,'2026-05-14 20:53:24','2026-05-14 20:53:24',0);
INSERT INTO `payment_info` VALUES (15,'2054905065893822464','2054907990951075840',100,2,1,59.00,1,'2026-05-14 20:53:38',NULL,'2026-05-14 20:53:38','2026-05-14 20:53:38',0);
INSERT INTO `payment_info` VALUES (16,'2054904919164485632','2054908048098467840',99,2,2,28.00,1,'2026-05-14 20:53:52',NULL,'2026-05-14 20:53:52','2026-05-14 20:53:52',0);
INSERT INTO `payment_info` VALUES (17,'2054912549836587008','2054912556820103168',106,2,1,59.00,1,'2026-05-14 21:11:47',NULL,'2026-05-14 21:11:47','2026-05-14 21:11:47',0);
INSERT INTO `payment_info` VALUES (18,'2054912549974999040','2054912560867606528',107,2,1,28.00,1,'2026-05-14 21:11:48',NULL,'2026-05-14 21:11:48','2026-05-14 21:11:48',0);
INSERT INTO `payment_info` VALUES (19,'2054912540558786560','2054912647526121472',104,2,1,59.00,1,'2026-05-14 21:12:08',NULL,'2026-05-14 21:12:08','2026-05-14 21:12:08',0);
INSERT INTO `payment_info` VALUES (20,'2054914640642682880','2054914647223545856',108,2,1,34.00,1,'2026-05-14 21:20:05',NULL,'2026-05-14 21:20:05','2026-05-14 21:20:05',0);
INSERT INTO `payment_info` VALUES (21,'2054912540856582144','2054914680555679744',105,2,1,28.00,1,'2026-05-14 21:20:13',NULL,'2026-05-14 21:20:13','2026-05-14 21:20:13',0);
/*!40000 ALTER TABLE `payment_info` ENABLE KEYS */;
UNLOCK TABLES;

--
-- Table structure for table `product_category`
--

DROP TABLE IF EXISTS `product_category`;
/*!40101 SET @saved_cs_client     = @@character_set_client */;
/*!50503 SET character_set_client = utf8mb4 */;
CREATE TABLE `product_category` (
  `category_id` bigint(20) NOT NULL AUTO_INCREMENT COMMENT 'еҲҶзұ»ID',
  `shop_id` bigint(20) NOT NULL COMMENT 'жүҖеұһеә—й“әID',
  `category_name` varchar(32) COLLATE utf8mb4_unicode_ci NOT NULL COMMENT 'еҲҶзұ»еҗҚз§°пјҲеҰӮпјҡдё»йЈҹгҖҒе°ҸеҗғгҖҒйҘ®е“Ғпјү',
  `sort` int(11) NOT NULL DEFAULT '0' COMMENT 'жҺ’еәҸеҸ·',
  `create_time` datetime NOT NULL DEFAULT CURRENT_TIMESTAMP COMMENT 'еҲӣе»әж—¶й—ҙ',
  `update_time` datetime NOT NULL DEFAULT CURRENT_TIMESTAMP ON UPDATE CURRENT_TIMESTAMP COMMENT 'жӣҙж–°ж—¶й—ҙ',
  `is_deleted` tinyint(4) NOT NULL DEFAULT '0' COMMENT 'йҖ»иҫ‘еҲ йҷӨ',
  PRIMARY KEY (`category_id`),
  UNIQUE KEY `uk_shop_category` (`shop_id`,`category_name`),
  KEY `idx_shop_id` (`shop_id`)
) ENGINE=InnoDB AUTO_INCREMENT=26 DEFAULT CHARSET=utf8mb4 COLLATE=utf8mb4_unicode_ci COMMENT='е•Ҷе“ҒеҲҶзұ»иЎЁ';
/*!40101 SET character_set_client = @saved_cs_client */;

--
-- Dumping data for table `product_category`
--

LOCK TABLES `product_category` WRITE;
/*!40000 ALTER TABLE `product_category` DISABLE KEYS */;
INSERT INTO `product_category` VALUES (1,1,'зғӯй”ҖеҘ—йӨҗ',1,'2026-05-05 17:16:53','2026-05-05 17:16:53',0);
INSERT INTO `product_category` VALUES (2,1,'еҚ•е“ҒиҸңиӮҙ',2,'2026-05-05 17:16:53','2026-05-05 17:16:53',0);
INSERT INTO `product_category` VALUES (3,1,'жұӨе“Ғ',3,'2026-05-05 17:16:53','2026-05-05 17:16:53',0);
INSERT INTO `product_category` VALUES (4,2,'еҘ¶иҢ¶зі»еҲ—',1,'2026-05-05 17:16:53','2026-05-05 17:16:53',0);
INSERT INTO `product_category` VALUES (5,2,'жһңиҢ¶зі»еҲ—',2,'2026-05-05 17:16:53','2026-05-05 17:16:53',0);
INSERT INTO `product_category` VALUES (6,2,'е’–е•Ўзі»еҲ—',3,'2026-05-05 17:16:53','2026-05-05 17:16:53',0);
INSERT INTO `product_category` VALUES (7,3,'еҢ…еӯҗйҰ’еӨҙ',1,'2026-05-05 17:16:53','2026-05-05 17:16:53',0);
INSERT INTO `product_category` VALUES (8,3,'иұҶжөҶзІҘе“Ғ',2,'2026-05-05 17:16:53','2026-05-05 17:16:53',0);
INSERT INTO `product_category` VALUES (9,3,'з…ҺйҘјжІ№жқЎ',3,'2026-05-05 17:16:53','2026-05-05 17:16:53',0);
INSERT INTO `product_category` VALUES (10,4,'иҶЁеҢ–йЈҹе“Ғ',1,'2026-05-05 17:16:53','2026-05-05 17:16:53',0);
INSERT INTO `product_category` VALUES (11,4,'зі–жһңе·§е…ӢеҠӣ',2,'2026-05-05 17:16:53','2026-05-05 17:16:53',0);
INSERT INTO `product_category` VALUES (12,4,'йҘ®ж–ҷ',3,'2026-05-05 17:16:53','2026-05-05 17:16:53',0);
INSERT INTO `product_category` VALUES (13,5,'з»Ҹе…ёе·қиҸң',1,'2026-05-05 17:16:53','2026-05-05 17:16:53',0);
INSERT INTO `product_category` VALUES (14,5,'е®¶еёёе°ҸзӮ’',2,'2026-05-05 17:16:53','2026-05-05 17:16:53',0);
INSERT INTO `product_category` VALUES (15,5,'жұӨзҫ№',3,'2026-05-05 17:16:53','2026-05-05 17:16:53',0);
INSERT INTO `product_category` VALUES (16,1,'дё»йЈҹ',4,'2026-05-05 17:16:53','2026-05-05 17:16:53',0);
INSERT INTO `product_category` VALUES (17,1,'еҮүиҸң',5,'2026-05-05 17:16:53','2026-05-05 17:16:53',0);
INSERT INTO `product_category` VALUES (18,2,'еҘ¶иҢ¶й…Қж–ҷ',4,'2026-05-05 17:16:53','2026-05-05 17:16:53',0);
INSERT INTO `product_category` VALUES (19,3,'йқўйЈҹ',4,'2026-05-05 17:16:53','2026-05-05 17:16:53',0);
INSERT INTO `product_category` VALUES (20,3,'зІҘе“Ғ',5,'2026-05-05 17:16:53','2026-05-05 17:16:53',0);
INSERT INTO `product_category` VALUES (21,4,'ж–№дҫҝйЈҹе“Ғ',4,'2026-05-05 17:16:53','2026-05-05 17:16:53',0);
INSERT INTO `product_category` VALUES (22,4,'еқҡжһң',5,'2026-05-05 17:16:53','2026-05-05 17:16:53',0);
INSERT INTO `product_category` VALUES (23,4,'еҘ¶еҲ¶е“Ғ',6,'2026-05-05 17:16:53','2026-05-05 17:16:53',0);
INSERT INTO `product_category` VALUES (24,5,'еҮүиҸң',4,'2026-05-05 17:16:53','2026-05-05 17:16:53',0);
INSERT INTO `product_category` VALUES (25,5,'дё»йЈҹ',5,'2026-05-05 17:16:53','2026-05-05 17:16:53',0);
/*!40000 ALTER TABLE `product_category` ENABLE KEYS */;
UNLOCK TABLES;

--
-- Table structure for table `product_info`
--

DROP TABLE IF EXISTS `product_info`;
/*!40101 SET @saved_cs_client     = @@character_set_client */;
/*!50503 SET character_set_client = utf8mb4 */;
CREATE TABLE `product_info` (
  `product_id` bigint(20) NOT NULL AUTO_INCREMENT COMMENT 'е•Ҷе“ҒID',
  `shop_id` bigint(20) NOT NULL COMMENT 'жүҖеұһеә—й“әID',
  `category_id` bigint(20) NOT NULL COMMENT 'жүҖеұһе•Ҷе“ҒеҲҶзұ»ID',
  `product_name` varchar(128) COLLATE utf8mb4_unicode_ci NOT NULL COMMENT 'е•Ҷе“ҒеҗҚз§°',
  `product_image` varchar(255) COLLATE utf8mb4_unicode_ci NOT NULL DEFAULT '' COMMENT 'е•Ҷе“Ғдё»еӣҫURL',
  `product_images` text COLLATE utf8mb4_unicode_ci COMMENT 'е•Ҷе“ҒиҪ®ж’ӯеӣҫURLж•°з»„пјҲJSONж јејҸпјү',
  `product_desc` varchar(512) COLLATE utf8mb4_unicode_ci DEFAULT '' COMMENT 'е•Ҷе“ҒжҸҸиҝ°',
  `price` decimal(10,2) NOT NULL DEFAULT '0.00' COMMENT 'е•Ҷе“Ғе”®д»·',
  `original_price` decimal(10,2) DEFAULT '0.00' COMMENT 'е•Ҷе“ҒеҺҹд»·',
  `unit` varchar(16) COLLATE utf8mb4_unicode_ci NOT NULL DEFAULT 'д»Ҫ' COMMENT 'е•Ҷе“ҒеҚ•дҪҚпјҲд»ҪгҖҒжқҜгҖҒдёӘзӯүпјү',
  `monthly_sales` int(11) NOT NULL DEFAULT '0' COMMENT 'жңҲй”ҖйҮҸ',
  `product_status` tinyint(4) NOT NULL DEFAULT '1' COMMENT 'е•Ҷе“ҒзҠ¶жҖҒпјҡ0-дёӢжһ¶ 1-дёҠжһ¶',
  `is_hot` tinyint(4) NOT NULL DEFAULT '0' COMMENT 'жҳҜеҗҰзғӯй”Җпјҡ0-еҗҰ 1-жҳҜ',
  `is_recommend` tinyint(4) NOT NULL DEFAULT '0' COMMENT 'жҳҜеҗҰжҺЁиҚҗпјҡ0-еҗҰ 1-жҳҜ',
  `sort` int(11) NOT NULL DEFAULT '0' COMMENT 'жҺ’еәҸеҸ·',
  `create_time` datetime NOT NULL DEFAULT CURRENT_TIMESTAMP COMMENT 'еҲӣе»әж—¶й—ҙ',
  `update_time` datetime NOT NULL DEFAULT CURRENT_TIMESTAMP ON UPDATE CURRENT_TIMESTAMP COMMENT 'жӣҙж–°ж—¶й—ҙ',
  `is_deleted` tinyint(4) NOT NULL DEFAULT '0' COMMENT 'йҖ»иҫ‘еҲ йҷӨ',
  PRIMARY KEY (`product_id`),
  KEY `idx_shop_id` (`shop_id`),
  KEY `idx_category_id` (`category_id`),
  KEY `idx_product_status` (`product_status`),
  KEY `idx_is_hot` (`is_hot`),
  KEY `idx_is_recommend` (`is_recommend`),
  KEY `idx_product_name` (`product_name`),
  KEY `idx_shop_category_status` (`shop_id`,`category_id`,`product_status`)
) ENGINE=InnoDB AUTO_INCREMENT=90 DEFAULT CHARSET=utf8mb4 COLLATE=utf8mb4_unicode_ci COMMENT='е•Ҷе“ҒдҝЎжҒҜиЎЁ';
/*!40101 SET character_set_client = @saved_cs_client */;

--
-- Dumping data for table `product_info`
--

LOCK TABLES `product_info` WRITE;
/*!40000 ALTER TABLE `product_info` DISABLE KEYS */;
INSERT INTO `product_info` VALUES (1,1,1,'зәўзғ§иӮүеҘ—йӨҗ','https://firstaliyun-twk.oss-cn-beijing.aliyuncs.com/images/20260505/8fe8d54549c74b41a316ab889feae966.jpeg',NULL,'иӮҘзҳҰзӣёй—ҙпјҢе…ҘеҸЈеҚіеҢ–',15.00,18.00,'д»Ҫ',230,1,1,1,1,'2026-05-05 17:16:53','2026-05-05 17:33:17',0);
INSERT INTO `product_info` VALUES (2,1,1,'зі–йҶӢйҮҢи„ҠеҘ—йӨҗ','https://firstaliyun-twk.oss-cn-beijing.aliyuncs.com/images/20260505/8fe8d54549c74b41a316ab889feae966.jpeg',NULL,'й…ёз”ңеҸҜеҸЈпјҢиҖҒе°‘зҡҶе®ң',14.00,16.00,'д»Ҫ',180,1,1,1,2,'2026-05-05 17:16:53','2026-05-05 17:33:17',0);
INSERT INTO `product_info` VALUES (3,1,1,'е®«дҝқйёЎдёҒеҘ—йӨҗ','https://firstaliyun-twk.oss-cn-beijing.aliyuncs.com/images/20260505/8fe8d54549c74b41a316ab889feae966.jpeg',NULL,'з»Ҹе…ёе·қиҸңпјҢйә»иҫЈйІңйҰҷ',13.00,15.00,'д»Ҫ',150,1,1,0,3,'2026-05-05 17:16:53','2026-05-05 17:33:17',0);
INSERT INTO `product_info` VALUES (4,1,1,'дёңеқЎиӮүеҘ—йӨҗ','https://firstaliyun-twk.oss-cn-beijing.aliyuncs.com/images/20260505/8fe8d54549c74b41a316ab889feae966.jpeg',NULL,'зҡ®и–„иӮүе«©пјҢй…ҘиҖҢдёҚзғӮ',16.00,20.00,'д»Ҫ',160,1,1,0,4,'2026-05-05 17:16:53','2026-05-05 17:33:17',0);
INSERT INTO `product_info` VALUES (5,1,1,'жў…иҸңжүЈиӮүеҘ—йӨҗ','https://firstaliyun-twk.oss-cn-beijing.aliyuncs.com/images/20260505/8fe8d54549c74b41a316ab889feae966.jpeg',NULL,'жў…иҸңжё…йҰҷпјҢжүЈиӮүиҪҜзіҜ',17.00,22.00,'д»Ҫ',140,1,0,0,5,'2026-05-05 17:16:53','2026-05-05 17:33:17',0);
INSERT INTO `product_info` VALUES (6,1,2,'йұјйҰҷиӮүдёқ','https://firstaliyun-twk.oss-cn-beijing.aliyuncs.com/images/20260505/8fe8d54549c74b41a316ab889feae966.jpeg',NULL,'й…ёз”ңеҫ®иҫЈпјҢдёӢйҘӯзҘһеҷЁ',12.00,14.00,'д»Ҫ',120,1,0,0,1,'2026-05-05 17:16:53','2026-05-05 17:33:17',0);
INSERT INTO `product_info` VALUES (7,1,2,'йә»е©ҶиұҶи…җ','https://firstaliyun-twk.oss-cn-beijing.aliyuncs.com/images/20260505/8fe8d54549c74b41a316ab889feae966.jpeg',NULL,'йә»иҫЈйІңйҰҷпјҢе«©ж»‘зҲҪеҸЈ',8.00,10.00,'д»Ҫ',200,1,1,0,2,'2026-05-05 17:16:53','2026-05-05 17:33:17',0);
INSERT INTO `product_info` VALUES (8,1,2,'з•ӘиҢ„зӮ’иӣӢ','https://firstaliyun-twk.oss-cn-beijing.aliyuncs.com/images/20260505/8fe8d54549c74b41a316ab889feae966.jpeg',NULL,'е®¶еёёзҫҺе‘іпјҢиҗҘе…»дё°еҜҢ',7.00,9.00,'д»Ҫ',180,1,0,0,3,'2026-05-05 17:16:53','2026-05-05 17:33:17',0);
INSERT INTO `product_info` VALUES (9,1,2,'е°–жӨ’еңҹиұҶдёқ','https://firstaliyun-twk.oss-cn-beijing.aliyuncs.com/images/20260505/8fe8d54549c74b41a316ab889feae966.jpeg',NULL,'жё…и„ҶзҲҪеҸЈпјҢдёӢйҘӯеҘҪиҸң',6.00,8.00,'д»Ҫ',160,1,0,0,4,'2026-05-05 17:16:53','2026-05-05 17:33:17',0);
INSERT INTO `product_info` VALUES (10,1,2,'ең°дёүйІң','https://firstaliyun-twk.oss-cn-beijing.aliyuncs.com/images/20260505/8fe8d54549c74b41a316ab889feae966.jpeg',NULL,'иҢ„еӯҗеңҹиұҶйқ’жӨ’пјҢе®¶еёёз»Ҹе…ё',10.00,12.00,'д»Ҫ',130,1,0,0,5,'2026-05-05 17:16:53','2026-05-05 17:33:17',0);
INSERT INTO `product_info` VALUES (11,1,2,'е№Із…ёеӣӣеӯЈиұҶ','https://firstaliyun-twk.oss-cn-beijing.aliyuncs.com/images/20260505/8fe8d54549c74b41a316ab889feae966.jpeg',NULL,'е№ІйҰҷе…Ҙе‘іпјҢи¶Ҡеҡји¶ҠйҰҷ',9.00,11.00,'д»Ҫ',110,1,0,0,6,'2026-05-05 17:16:53','2026-05-05 17:33:17',0);
INSERT INTO `product_info` VALUES (12,1,3,'зҙ«иҸңиӣӢиҠұжұӨ','https://firstaliyun-twk.oss-cn-beijing.aliyuncs.com/images/20260505/8fe8d54549c74b41a316ab889feae966.jpeg',NULL,'жё…ж·ЎзҲҪеҸЈпјҢиҗҘе…»еҒҘеә·',3.00,4.00,'д»Ҫ',300,1,0,0,1,'2026-05-05 17:16:53','2026-05-05 17:33:17',0);
INSERT INTO `product_info` VALUES (13,1,3,'з•ӘиҢ„иӣӢжұӨ','https://firstaliyun-twk.oss-cn-beijing.aliyuncs.com/images/20260505/8fe8d54549c74b41a316ab889feae966.jpeg',NULL,'й…ёз”ңејҖиғғпјҢе®¶еёёе‘ійҒ“',3.00,4.00,'д»Ҫ',250,1,0,0,2,'2026-05-05 17:16:53','2026-05-05 17:33:17',0);
INSERT INTO `product_info` VALUES (14,1,3,'й…ёиҫЈжұӨ','https://firstaliyun-twk.oss-cn-beijing.aliyuncs.com/images/20260505/8fe8d54549c74b41a316ab889feae966.jpeg',NULL,'й…ёиҫЈејҖиғғпјҢжҡ–иғғжҡ–еҝғ',4.00,5.00,'д»Ҫ',200,1,0,0,3,'2026-05-05 17:16:53','2026-05-05 17:33:17',0);
INSERT INTO `product_info` VALUES (15,1,3,'йқ’иҸңиұҶи…җжұӨ','https://firstaliyun-twk.oss-cn-beijing.aliyuncs.com/images/20260505/8fe8d54549c74b41a316ab889feae966.jpeg',NULL,'жё…ж·Ўе…»з”ҹпјҢз»ҝиүІеҒҘеә·',3.00,4.00,'д»Ҫ',150,1,0,0,4,'2026-05-05 17:16:53','2026-05-05 17:33:17',0);
INSERT INTO `product_info` VALUES (16,1,16,'зұійҘӯ','https://firstaliyun-twk.oss-cn-beijing.aliyuncs.com/images/20260505/8fe8d54549c74b41a316ab889feae966.jpeg',NULL,'дёңеҢ—еӨ§зұіпјҢйҰҷиҪҜеҸҜеҸЈ',2.00,2.50,'д»Ҫ',500,1,0,0,1,'2026-05-05 17:16:53','2026-05-05 17:33:17',0);
INSERT INTO `product_info` VALUES (17,1,16,'йҰ’еӨҙ','https://firstaliyun-twk.oss-cn-beijing.aliyuncs.com/images/20260505/8fe8d54549c74b41a316ab889feae966.jpeg',NULL,'жқҫиҪҜеҸҜеҸЈпјҢйәҰйҰҷжө“йғҒ',1.00,1.50,'дёӘ',300,1,0,0,2,'2026-05-05 17:16:53','2026-05-05 17:33:17',0);
INSERT INTO `product_info` VALUES (18,1,16,'йқўжқЎ','https://firstaliyun-twk.oss-cn-beijing.aliyuncs.com/images/20260505/8fe8d54549c74b41a316ab889feae966.jpeg',NULL,'жүӢе·ҘйқўжқЎпјҢеҠІйҒ“зҲҪж»‘',3.00,4.00,'д»Ҫ',200,1,0,0,3,'2026-05-05 17:16:53','2026-05-05 17:33:17',0);
INSERT INTO `product_info` VALUES (19,1,17,'еҮүжӢҢй»„з“ң','https://firstaliyun-twk.oss-cn-beijing.aliyuncs.com/images/20260505/8fe8d54549c74b41a316ab889feae966.jpeg',NULL,'жё…и„ҶзҲҪеҸЈпјҢеӨҸж—Ҙеҝ…еӨҮ',4.00,5.00,'д»Ҫ',120,1,0,0,1,'2026-05-05 17:16:53','2026-05-05 17:33:17',0);
INSERT INTO `product_info` VALUES (20,1,17,'еҮүжӢҢжңЁиҖі','https://firstaliyun-twk.oss-cn-beijing.aliyuncs.com/images/20260505/8fe8d54549c74b41a316ab889feae966.jpeg',NULL,'й»‘жңЁиҖіпјҢи„Ҷе«©зҲҪеҸЈ',5.00,6.00,'д»Ҫ',100,1,0,0,2,'2026-05-05 17:16:53','2026-05-05 17:33:17',0);
INSERT INTO `product_info` VALUES (21,2,4,'зҸҚзҸ еҘ¶иҢ¶','https://firstaliyun-twk.oss-cn-beijing.aliyuncs.com/images/20260505/8fe8d54549c74b41a316ab889feae966.jpeg',NULL,'Qеј№зҸҚзҸ пјҢйҰҷжө“еҘ¶иҢ¶',12.00,15.00,'жқҜ',350,1,1,1,1,'2026-05-05 17:16:53','2026-05-05 17:33:17',0);
INSERT INTO `product_info` VALUES (22,2,4,'жӨ°жһңеҘ¶иҢ¶','https://firstaliyun-twk.oss-cn-beijing.aliyuncs.com/images/20260505/8fe8d54549c74b41a316ab889feae966.jpeg',NULL,'жӨ°жһңйҰҷз”ңпјҢеҘ¶иҢ¶жө“йғҒ',13.00,16.00,'жқҜ',280,1,1,0,2,'2026-05-05 17:16:53','2026-05-05 17:33:17',0);
INSERT INTO `product_info` VALUES (23,2,4,'еёғдёҒеҘ¶иҢ¶','https://firstaliyun-twk.oss-cn-beijing.aliyuncs.com/images/20260505/8fe8d54549c74b41a316ab889feae966.jpeg',NULL,'е«©ж»‘еёғдёҒпјҢеҘ¶йҰҷеӣӣжәў',14.00,17.00,'жқҜ',220,1,0,0,3,'2026-05-05 17:16:53','2026-05-05 17:33:17',0);
INSERT INTO `product_info` VALUES (24,2,4,'иҠӢжіҘеҘ¶иҢ¶','https://firstaliyun-twk.oss-cn-beijing.aliyuncs.com/images/20260505/8fe8d54549c74b41a316ab889feae966.jpeg',NULL,'иҠӢжіҘжө“йғҒпјҢеҸЈж„ҹдё°еҜҢ',15.00,18.00,'жқҜ',200,1,1,0,4,'2026-05-05 17:16:53','2026-05-05 17:33:17',0);
INSERT INTO `product_info` VALUES (25,2,4,'зәўиұҶеҘ¶иҢ¶','https://firstaliyun-twk.oss-cn-beijing.aliyuncs.com/images/20260505/8fe8d54549c74b41a316ab889feae966.jpeg',NULL,'иҪҜзіҜзәўиұҶпјҢз”ңиңңеҸҜеҸЈ',13.00,16.00,'жқҜ',190,1,0,0,5,'2026-05-05 17:16:53','2026-05-05 17:33:17',0);
INSERT INTO `product_info` VALUES (26,2,5,'жҹ жӘ¬зәўиҢ¶','https://firstaliyun-twk.oss-cn-beijing.aliyuncs.com/images/20260505/8fe8d54549c74b41a316ab889feae966.jpeg',NULL,'жё…ж–°жҹ жӘ¬пјҢйҶҮйҰҷзәўиҢ¶',10.00,12.00,'жқҜ',180,1,0,0,1,'2026-05-05 17:16:53','2026-05-05 17:33:17',0);
INSERT INTO `product_info` VALUES (27,2,5,'зҷҫйҰҷжһңиҢ¶','https://firstaliyun-twk.oss-cn-beijing.aliyuncs.com/images/20260505/8fe8d54549c74b41a316ab889feae966.jpeg',NULL,'й…ёз”ңзҷҫйҰҷпјҢжё…зҲҪи§Јжёҙ',12.00,14.00,'жқҜ',150,1,1,1,2,'2026-05-05 17:16:53','2026-05-05 17:33:17',0);
INSERT INTO `product_info` VALUES (28,2,5,'иҠ’жһңеӨҡеӨҡ','https://firstaliyun-twk.oss-cn-beijing.aliyuncs.com/images/20260505/8fe8d54549c74b41a316ab889feae966.jpeg',NULL,'ж–°йІңиҠ’жһңпјҢжө“йғҒжһңйҰҷ',14.00,17.00,'жқҜ',140,1,1,0,3,'2026-05-05 17:16:53','2026-05-05 17:33:17',0);
INSERT INTO `product_info` VALUES (29,2,5,'иҚүиҺ“еҘ¶жҳ”','https://firstaliyun-twk.oss-cn-beijing.aliyuncs.com/images/20260505/8fe8d54549c74b41a316ab889feae966.jpeg',NULL,'йҰҷз”ңиҚүиҺ“пјҢдёқж»‘еҘ¶жҳ”',13.00,16.00,'жқҜ',130,1,0,0,4,'2026-05-05 17:16:53','2026-05-05 17:33:17',0);
INSERT INTO `product_info` VALUES (30,2,6,'зҫҺејҸе’–е•Ў','https://firstaliyun-twk.oss-cn-beijing.aliyuncs.com/images/20260505/8fe8d54549c74b41a316ab889feae966.jpeg',NULL,'йҶҮйҰҷе’–е•ЎпјҢжҸҗзҘһйҶ’и„‘',15.00,18.00,'жқҜ',120,1,0,0,1,'2026-05-05 17:16:53','2026-05-05 17:33:17',0);
INSERT INTO `product_info` VALUES (31,2,6,'жӢҝй“Ғе’–е•Ў','https://firstaliyun-twk.oss-cn-beijing.aliyuncs.com/images/20260505/8fe8d54549c74b41a316ab889feae966.jpeg',NULL,'еҘ¶йҰҷжө“йғҒпјҢе’–е•ЎйҶҮеҺҡ',18.00,22.00,'жқҜ',100,1,0,0,2,'2026-05-05 17:16:53','2026-05-05 17:33:17',0);
INSERT INTO `product_info` VALUES (32,2,6,'еҚЎеёғеҘҮиҜә','https://firstaliyun-twk.oss-cn-beijing.aliyuncs.com/images/20260505/8fe8d54549c74b41a316ab889feae966.jpeg',NULL,'з»өеҜҶеҘ¶жіЎпјҢз»Ҹе…ёж„ҸејҸ',17.00,21.00,'жқҜ',90,1,0,0,3,'2026-05-05 17:16:53','2026-05-05 17:33:17',0);
INSERT INTO `product_info` VALUES (33,2,6,'ж‘©еҚЎе’–е•Ў','https://firstaliyun-twk.oss-cn-beijing.aliyuncs.com/images/20260505/8fe8d54549c74b41a316ab889feae966.jpeg',NULL,'е·§е…ӢеҠӣе’–е•ЎпјҢйҰҷз”ңжө“йғҒ',19.00,24.00,'жқҜ',85,1,0,0,4,'2026-05-05 17:16:53','2026-05-05 17:33:17',0);
INSERT INTO `product_info` VALUES (34,2,18,'жіўйңё','https://firstaliyun-twk.oss-cn-beijing.aliyuncs.com/images/20260505/8fe8d54549c74b41a316ab889feae966.jpeg',NULL,'еӨ§йў—жіўйңёпјҢQеј№жңүеҡјеҠІ',2.00,3.00,'д»Ҫ',300,1,0,0,1,'2026-05-05 17:16:53','2026-05-05 17:33:17',0);
INSERT INTO `product_info` VALUES (35,2,18,'жӨ°жһң','https://firstaliyun-twk.oss-cn-beijing.aliyuncs.com/images/20260505/8fe8d54549c74b41a316ab889feae966.jpeg',NULL,'жӨ°жһңжһңиӮүпјҢжё…зҲҪQеј№',1.50,2.00,'д»Ҫ',250,1,0,0,2,'2026-05-05 17:16:53','2026-05-05 17:33:17',0);
INSERT INTO `product_info` VALUES (36,2,18,'еёғдёҒ','https://firstaliyun-twk.oss-cn-beijing.aliyuncs.com/images/20260505/8fe8d54549c74b41a316ab889feae966.jpeg',NULL,'е«©ж»‘еёғдёҒпјҢеҘ¶йҰҷжө“йғҒ',2.00,3.00,'д»Ҫ',200,1,0,0,3,'2026-05-05 17:16:53','2026-05-05 17:33:17',0);
INSERT INTO `product_info` VALUES (37,3,7,'йІңиӮүеҢ…еӯҗ','https://firstaliyun-twk.oss-cn-beijing.aliyuncs.com/images/20260505/8fe8d54549c74b41a316ab889feae966.jpeg',NULL,'зҡ®и–„йҰ…еӨ§пјҢйІңйҰҷеӨҡжұҒ',2.50,3.00,'дёӘ',500,1,1,1,1,'2026-05-05 17:16:53','2026-05-05 17:33:17',0);
INSERT INTO `product_info` VALUES (38,3,7,'иҸңеҢ…','https://firstaliyun-twk.oss-cn-beijing.aliyuncs.com/images/20260505/8fe8d54549c74b41a316ab889feae966.jpeg',NULL,'ж–°йІңи”¬иҸңпјҢеҒҘеә·зҫҺе‘і',2.00,2.50,'дёӘ',400,1,0,0,2,'2026-05-05 17:16:53','2026-05-05 17:33:17',0);
INSERT INTO `product_info` VALUES (39,3,7,'иұҶжІҷеҢ…','https://firstaliyun-twk.oss-cn-beijing.aliyuncs.com/images/20260505/8fe8d54549c74b41a316ab889feae966.jpeg',NULL,'йҰҷз”ңиұҶжІҷпјҢиҪҜзіҜеҸҜеҸЈ',2.00,2.50,'дёӘ',350,1,0,0,3,'2026-05-05 17:16:53','2026-05-05 17:33:17',0);
INSERT INTO `product_info` VALUES (40,3,7,'иӮүйҫҷ','https://firstaliyun-twk.oss-cn-beijing.aliyuncs.com/images/20260505/8fe8d54549c74b41a316ab889feae966.jpeg',NULL,'еұӮеұӮиӮүйҰҷпјҢеӣһе‘іж— з©·',4.00,5.00,'дёӘ',200,1,0,0,4,'2026-05-05 17:16:53','2026-05-05 17:33:17',0);
INSERT INTO `product_info` VALUES (41,3,7,'еҘ¶й»„еҢ…','https://firstaliyun-twk.oss-cn-beijing.aliyuncs.com/images/20260505/8fe8d54549c74b41a316ab889feae966.jpeg',NULL,'еҘ¶йҰҷжө“йғҒпјҢз”ңиҖҢдёҚи…»',2.50,3.00,'дёӘ',180,1,0,0,5,'2026-05-05 17:16:53','2026-05-05 17:33:17',0);
INSERT INTO `product_info` VALUES (42,3,8,'иұҶжөҶ','https://firstaliyun-twk.oss-cn-beijing.aliyuncs.com/images/20260505/8fe8d54549c74b41a316ab889feae966.jpeg',NULL,'зҺ°зЈЁиұҶжөҶпјҢйҰҷжө“иҗҘе…»',3.00,4.00,'жқҜ',450,1,1,0,1,'2026-05-05 17:16:53','2026-05-05 17:33:17',0);
INSERT INTO `product_info` VALUES (43,3,8,'е°ҸзұізІҘ','https://firstaliyun-twk.oss-cn-beijing.aliyuncs.com/images/20260505/8fe8d54549c74b41a316ab889feae966.jpeg',NULL,'е…»иғғе°ҸзұізІҘпјҢжё©жҡ–иә«еҝғ',4.00,5.00,'зў—',300,1,0,0,2,'2026-05-05 17:16:53','2026-05-05 17:33:17',0);
INSERT INTO `product_info` VALUES (44,3,8,'е…«е®қзІҘ','https://firstaliyun-twk.oss-cn-beijing.aliyuncs.com/images/20260505/8fe8d54549c74b41a316ab889feae966.jpeg',NULL,'еӨҡз§Қи°·зү©пјҢе…»з”ҹеҒҘеә·',5.00,6.00,'зў—',250,1,0,0,3,'2026-05-05 17:16:53','2026-05-05 17:33:17',0);
INSERT INTO `product_info` VALUES (45,3,9,'з…ҺйҘјжһңеӯҗ','https://firstaliyun-twk.oss-cn-beijing.aliyuncs.com/images/20260505/8fe8d54549c74b41a316ab889feae966.jpeg',NULL,'йҰҷи„ҶеҸҜеҸЈпјҢж—©йӨҗйҰ–йҖү',8.00,10.00,'д»Ҫ',380,1,1,1,1,'2026-05-05 17:16:53','2026-05-05 17:33:17',0);
INSERT INTO `product_info` VALUES (46,3,9,'жІ№жқЎ','https://firstaliyun-twk.oss-cn-beijing.aliyuncs.com/images/20260505/8fe8d54549c74b41a316ab889feae966.jpeg',NULL,'йҮ‘й»„й…Ҙи„ҶпјҢдј з»ҹзҫҺе‘і',2.00,2.50,'ж №',420,1,0,0,2,'2026-05-05 17:16:53','2026-05-05 17:33:17',0);
INSERT INTO `product_info` VALUES (47,3,9,'жүӢжҠ“йҘј','https://firstaliyun-twk.oss-cn-beijing.aliyuncs.com/images/20260505/8fe8d54549c74b41a316ab889feae966.jpeg',NULL,'й…Ҙи„ҶеҚғеұӮпјҢй…ұйҰҷеӣӣжәў',6.00,8.00,'д»Ҫ',300,1,0,0,3,'2026-05-05 17:16:53','2026-05-05 17:33:17',0);
INSERT INTO `product_info` VALUES (48,3,9,'йёЎиӣӢзҒҢйҘј','https://firstaliyun-twk.oss-cn-beijing.aliyuncs.com/images/20260505/8fe8d54549c74b41a316ab889feae966.jpeg',NULL,'йёЎиӣӢйҰҷе«©пјҢйҘјзҡ®й…Ҙи„Ҷ',5.00,6.00,'д»Ҫ',280,1,0,0,4,'2026-05-05 17:16:53','2026-05-05 17:33:17',0);
INSERT INTO `product_info` VALUES (49,3,19,'йҳіжҳҘйқў','https://firstaliyun-twk.oss-cn-beijing.aliyuncs.com/images/20260505/8fe8d54549c74b41a316ab889feae966.jpeg',NULL,'жё…ж·ЎзҲҪеҸЈпјҢз®ҖеҚ•зҫҺе‘і',8.00,10.00,'зў—',150,1,0,0,1,'2026-05-05 17:16:53','2026-05-05 17:33:17',0);
INSERT INTO `product_info` VALUES (50,3,19,'йҰ„йҘЁ','https://firstaliyun-twk.oss-cn-beijing.aliyuncs.com/images/20260505/8fe8d54549c74b41a316ab889feae966.jpeg',NULL,'зҡ®и–„йҰ…е«©пјҢжұӨйІңе‘ізҫҺ',10.00,12.00,'зў—',140,1,0,0,2,'2026-05-05 17:16:53','2026-05-05 17:33:17',0);
INSERT INTO `product_info` VALUES (51,3,20,'зҡ®иӣӢзҳҰиӮүзІҘ','https://firstaliyun-twk.oss-cn-beijing.aliyuncs.com/images/20260505/8fe8d54549c74b41a316ab889feae966.jpeg',NULL,'зҡ®иӣӢзӢ¬зү№пјҢзҳҰиӮүйІңйҰҷ',8.00,10.00,'зў—',130,1,0,0,1,'2026-05-05 17:16:53','2026-05-05 17:33:17',0);
INSERT INTO `product_info` VALUES (52,3,20,'еҚ—з“ңзІҘ','https://firstaliyun-twk.oss-cn-beijing.aliyuncs.com/images/20260505/8fe8d54549c74b41a316ab889feae966.jpeg',NULL,'йҰҷз”ңиҪҜзіҜпјҢиҗҘе…»дё°еҜҢ',4.00,5.00,'зў—',120,1,0,0,2,'2026-05-05 17:16:53','2026-05-05 17:33:17',0);
INSERT INTO `product_info` VALUES (53,4,10,'и–ҜзүҮ','https://firstaliyun-twk.oss-cn-beijing.aliyuncs.com/images/20260505/8fe8d54549c74b41a316ab889feae966.jpeg',NULL,'й…Ҙи„ҶзҲҪеҸЈпјҢеӨҡз§ҚеҸЈе‘і',6.00,8.00,'иўӢ',280,1,1,1,1,'2026-05-05 17:16:53','2026-05-05 17:33:17',0);
INSERT INTO `product_info` VALUES (54,4,10,'иҷҫжқЎ','https://firstaliyun-twk.oss-cn-beijing.aliyuncs.com/images/20260505/8fe8d54549c74b41a316ab889feae966.jpeg',NULL,'йІңйҰҷиҷҫе‘іпјҢз«Ҙе№ҙеӣһеҝҶ',5.00,6.00,'иўӢ',200,1,0,0,2,'2026-05-05 17:16:53','2026-05-05 17:33:17',0);
INSERT INTO `product_info` VALUES (55,4,10,'и–ҜжқЎ','https://firstaliyun-twk.oss-cn-beijing.aliyuncs.com/images/20260505/8fe8d54549c74b41a316ab889feae966.jpeg',NULL,'йҮ‘й»„й…Ҙи„ҶпјҢиҝҪеү§еҝ…еӨҮ',5.00,7.00,'иўӢ',180,1,0,0,3,'2026-05-05 17:16:53','2026-05-05 17:33:17',0);
INSERT INTO `product_info` VALUES (56,4,10,'зҲҶзұіиҠұ','https://firstaliyun-twk.oss-cn-beijing.aliyuncs.com/images/20260505/8fe8d54549c74b41a316ab889feae966.jpeg',NULL,'йҰҷз”ңзҲҶиЈӮпјҢз”өеҪұжҗӯжЎЈ',8.00,10.00,'иўӢ',160,1,0,0,4,'2026-05-05 17:16:53','2026-05-05 17:33:17',0);
INSERT INTO `product_info` VALUES (57,4,11,'е·§е…ӢеҠӣ','https://firstaliyun-twk.oss-cn-beijing.aliyuncs.com/images/20260505/8fe8d54549c74b41a316ab889feae966.jpeg',NULL,'дёқж»‘жө“йғҒпјҢз”ңиңңдә«еҸ—',12.00,15.00,'еқ—',150,1,1,0,1,'2026-05-05 17:16:53','2026-05-05 17:33:17',0);
INSERT INTO `product_info` VALUES (58,4,11,'ж°ҙжһңзі–','https://firstaliyun-twk.oss-cn-beijing.aliyuncs.com/images/20260505/8fe8d54549c74b41a316ab889feae966.jpeg',NULL,'еӨҡз§ҚеҸЈе‘іпјҢз”ңиңңж»Ӣе‘і',3.00,4.00,'иўӢ',220,1,0,0,2,'2026-05-05 17:16:53','2026-05-05 17:33:17',0);
INSERT INTO `product_info` VALUES (59,4,11,'еҘ¶зі–','https://firstaliyun-twk.oss-cn-beijing.aliyuncs.com/images/20260505/8fe8d54549c74b41a316ab889feae966.jpeg',NULL,'еҘ¶йҰҷжө“йғҒпјҢжҹ”иҪҜйҰҷз”ң',4.00,5.00,'иўӢ',190,1,0,0,3,'2026-05-05 17:16:53','2026-05-05 17:33:17',0);
INSERT INTO `product_info` VALUES (60,4,11,'и–„иҚ·зі–','https://firstaliyun-twk.oss-cn-beijing.aliyuncs.com/images/20260505/8fe8d54549c74b41a316ab889feae966.jpeg',NULL,'жё…ж–°еҸЈж°”пјҢжҸҗзҘһйҶ’и„‘',2.00,3.00,'зӣ’',170,1,0,0,4,'2026-05-05 17:16:53','2026-05-05 17:33:17',0);
INSERT INTO `product_info` VALUES (61,4,12,'еҸҜд№җ','https://firstaliyun-twk.oss-cn-beijing.aliyuncs.com/images/20260505/8fe8d54549c74b41a316ab889feae966.jpeg',NULL,'з•…зҲҪж°”жіЎпјҢз»Ҹе…ёе‘ійҒ“',4.00,5.00,'з“¶',350,1,1,0,1,'2026-05-05 17:16:53','2026-05-05 17:33:17',0);
INSERT INTO `product_info` VALUES (62,4,12,'йӣӘзў§','https://firstaliyun-twk.oss-cn-beijing.aliyuncs.com/images/20260505/8fe8d54549c74b41a316ab889feae966.jpeg',NULL,'жё…зҲҪжҹ жӘ¬пјҢи§ЈжёҙзҘһеҷЁ',4.00,5.00,'з“¶',300,1,0,0,2,'2026-05-05 17:16:53','2026-05-05 17:33:17',0);
INSERT INTO `product_info` VALUES (63,4,12,'ж©ҷжұҒ','https://firstaliyun-twk.oss-cn-beijing.aliyuncs.com/images/20260505/8fe8d54549c74b41a316ab889feae966.jpeg',NULL,'ж–°йІңж©ҷжұҒпјҢз»ҙCж»Ўж»Ў',5.00,6.00,'з“¶',250,1,0,0,3,'2026-05-05 17:16:53','2026-05-05 17:33:17',0);
INSERT INTO `product_info` VALUES (64,4,12,'еҶңеӨ«еұұжіү','https://firstaliyun-twk.oss-cn-beijing.aliyuncs.com/images/20260505/8fe8d54549c74b41a316ab889feae966.jpeg',NULL,'еӨ©з„¶зҹҝжіүж°ҙпјҢеҒҘеә·з”ҹжҙ»',2.00,3.00,'з“¶',400,1,0,0,4,'2026-05-05 17:16:53','2026-05-05 17:33:17',0);
INSERT INTO `product_info` VALUES (65,4,21,'жіЎйқў','https://firstaliyun-twk.oss-cn-beijing.aliyuncs.com/images/20260505/8fe8d54549c74b41a316ab889feae966.jpeg',NULL,'ж–№дҫҝеҝ«жҚ·пјҢе®өеӨңйҰ–йҖү',5.00,6.00,'жЎ¶',200,1,0,0,1,'2026-05-05 17:16:53','2026-05-05 17:33:17',0);
INSERT INTO `product_info` VALUES (66,4,21,'иҮӘзғӯзұійҘӯ','https://firstaliyun-twk.oss-cn-beijing.aliyuncs.com/images/20260505/8fe8d54549c74b41a316ab889feae966.jpeg',NULL,'йҡҸж—¶йҡҸең°пјҢдә«еҸ—зҫҺйЈҹ',15.00,18.00,'д»Ҫ',150,1,0,0,2,'2026-05-05 17:16:53','2026-05-05 17:33:17',0);
INSERT INTO `product_info` VALUES (67,4,22,'з“ңеӯҗ','https://firstaliyun-twk.oss-cn-beijing.aliyuncs.com/images/20260505/8fe8d54549c74b41a316ab889feae966.jpeg',NULL,'йҰҷи„Ҷз“ңеӯҗпјҢдј‘й—Іеҝ…еӨҮ',8.00,10.00,'иўӢ',180,1,0,0,1,'2026-05-05 17:16:53','2026-05-05 17:33:17',0);
INSERT INTO `product_info` VALUES (68,4,22,'иҠұз”ҹ','https://firstaliyun-twk.oss-cn-beijing.aliyuncs.com/images/20260505/8fe8d54549c74b41a316ab889feae966.jpeg',NULL,'йҰҷи„ҶиҠұз”ҹпјҢдёӢй…’еҘҪиҸң',7.00,9.00,'иўӢ',160,1,0,0,2,'2026-05-05 17:16:53','2026-05-05 17:33:17',0);
INSERT INTO `product_info` VALUES (69,4,22,'ејҖеҝғжһң','https://firstaliyun-twk.oss-cn-beijing.aliyuncs.com/images/20260505/8fe8d54549c74b41a316ab889feae966.jpeg',NULL,'иҗҘе…»еқҡжһңпјҢеҒҘеә·йӣ¶йЈҹ',15.00,18.00,'иўӢ',120,1,0,0,3,'2026-05-05 17:16:53','2026-05-05 17:33:17',0);
INSERT INTO `product_info` VALUES (70,4,23,'зүӣеҘ¶','https://firstaliyun-twk.oss-cn-beijing.aliyuncs.com/images/20260505/8fe8d54549c74b41a316ab889feae966.jpeg',NULL,'зәҜжӯЈзүӣеҘ¶пјҢиҗҘе…»ж—©йӨҗ',6.00,7.00,'зӣ’',300,1,0,0,1,'2026-05-05 17:16:53','2026-05-05 17:33:17',0);
INSERT INTO `product_info` VALUES (71,4,23,'й…ёеҘ¶','https://firstaliyun-twk.oss-cn-beijing.aliyuncs.com/images/20260505/8fe8d54549c74b41a316ab889feae966.jpeg',NULL,'й…ёз”ңеҸҜеҸЈпјҢеҠ©ж¶ҲеҢ–',7.00,8.00,'зӣ’',280,1,0,0,2,'2026-05-05 17:16:53','2026-05-05 17:33:17',0);
INSERT INTO `product_info` VALUES (72,5,13,'ж°ҙз…®йұј','https://firstaliyun-twk.oss-cn-beijing.aliyuncs.com/images/20260505/8fe8d54549c74b41a316ab889feae966.jpeg',NULL,'йІңе«©йұјиӮүпјҢйә»иҫЈиҝҮзҳҫ',38.00,48.00,'д»Ҫ',120,1,1,1,1,'2026-05-05 17:16:53','2026-05-05 17:33:17',0);
INSERT INTO `product_info` VALUES (73,5,13,'еӣһй”…иӮү','https://firstaliyun-twk.oss-cn-beijing.aliyuncs.com/images/20260505/8fe8d54549c74b41a316ab889feae966.jpeg',NULL,'иӮҘиҖҢдёҚи…»пјҢе·қиҸңз»Ҹе…ё',28.00,35.00,'д»Ҫ',150,1,1,0,2,'2026-05-05 17:16:53','2026-05-05 17:33:17',0);
INSERT INTO `product_info` VALUES (74,5,13,'иҫЈеӯҗйёЎ','https://firstaliyun-twk.oss-cn-beijing.aliyuncs.com/images/20260505/8fe8d54549c74b41a316ab889feae966.jpeg',NULL,'йҰҷиҫЈй…Ҙи„ҶпјҢи¶Ҡеҗғи¶ҠйҰҷ',32.00,40.00,'д»Ҫ',130,1,0,0,3,'2026-05-05 17:16:53','2026-05-05 17:33:17',0);
INSERT INTO `product_info` VALUES (75,5,13,'йә»е©ҶиұҶи…җ','https://firstaliyun-twk.oss-cn-beijing.aliyuncs.com/images/20260505/8fe8d54549c74b41a316ab889feae966.jpeg',NULL,'йә»иҫЈйІңйҰҷпјҢиұҶи…җе«©ж»‘',18.00,22.00,'д»Ҫ',110,1,0,0,4,'2026-05-05 17:16:53','2026-05-05 17:33:17',0);
INSERT INTO `product_info` VALUES (76,5,13,'е®«дҝқйёЎдёҒ','https://firstaliyun-twk.oss-cn-beijing.aliyuncs.com/images/20260505/8fe8d54549c74b41a316ab889feae966.jpeg',NULL,'йҰҷиҫЈй…ёз”ңпјҢйёЎиӮүе«©ж»‘',26.00,32.00,'д»Ҫ',100,1,0,0,5,'2026-05-05 17:16:53','2026-05-05 17:33:17',0);
INSERT INTO `product_info` VALUES (77,5,14,'йқ’жӨ’иӮүдёқ','https://firstaliyun-twk.oss-cn-beijing.aliyuncs.com/images/20260505/8fe8d54549c74b41a316ab889feae966.jpeg',NULL,'е®¶еёёе°ҸзӮ’пјҢдёӢйҘӯзҘһеҷЁ',22.00,28.00,'д»Ҫ',180,1,0,0,1,'2026-05-05 17:16:53','2026-05-05 17:33:17',0);
INSERT INTO `product_info` VALUES (78,5,14,'йұјйҰҷиӮүдёқ','https://firstaliyun-twk.oss-cn-beijing.aliyuncs.com/images/20260505/8fe8d54549c74b41a316ab889feae966.jpeg',NULL,'й…ёз”ңеҫ®иҫЈпјҢејҖиғғдёӢйҘӯ',24.00,30.00,'д»Ҫ',160,1,0,0,2,'2026-05-05 17:16:53','2026-05-05 17:33:17',0);
INSERT INTO `product_info` VALUES (79,5,14,'и’ңи“үиҘҝе…°иҠұ','https://firstaliyun-twk.oss-cn-beijing.aliyuncs.com/images/20260505/8fe8d54549c74b41a316ab889feae966.jpeg',NULL,'жё…зҲҪеҒҘеә·пјҢи’ңйҰҷеӣӣжәў',16.00,20.00,'д»Ҫ',140,1,0,0,3,'2026-05-05 17:16:53','2026-05-05 17:33:17',0);
INSERT INTO `product_info` VALUES (80,5,14,'е№Із…ёеӣӣеӯЈиұҶ','https://firstaliyun-twk.oss-cn-beijing.aliyuncs.com/images/20260505/8fe8d54549c74b41a316ab889feae966.jpeg',NULL,'е№ІйҰҷе…Ҙе‘іпјҢи¶Ҡеҡји¶ҠйҰҷ',18.00,22.00,'д»Ҫ',130,1,0,0,4,'2026-05-05 17:16:53','2026-05-05 17:33:17',0);
INSERT INTO `product_info` VALUES (81,5,14,'з•ӘиҢ„зӮ’иӣӢ','https://firstaliyun-twk.oss-cn-beijing.aliyuncs.com/images/20260505/8fe8d54549c74b41a316ab889feae966.jpeg',NULL,'й…ёз”ңеҸҜеҸЈпјҢе®¶еёёеҝ…еӨҮ',15.00,18.00,'д»Ҫ',150,1,0,0,5,'2026-05-05 17:16:53','2026-05-05 17:33:17',0);
INSERT INTO `product_info` VALUES (82,5,15,'й…ёиҫЈжұӨ','https://firstaliyun-twk.oss-cn-beijing.aliyuncs.com/images/20260505/8fe8d54549c74b41a316ab889feae966.jpeg',NULL,'й…ёиҫЈејҖиғғпјҢжҡ–иғғжҡ–еҝғ',12.00,15.00,'д»Ҫ',100,1,0,0,1,'2026-05-05 17:16:53','2026-05-05 17:33:17',0);
INSERT INTO `product_info` VALUES (83,5,15,'зҙ«иҸңиӣӢиҠұжұӨ','https://firstaliyun-twk.oss-cn-beijing.aliyuncs.com/images/20260505/8fe8d54549c74b41a316ab889feae966.jpeg',NULL,'жё…ж·ЎзҲҪеҸЈпјҢиҗҘе…»дё°еҜҢ',8.00,10.00,'д»Ҫ',90,1,0,0,2,'2026-05-05 17:16:53','2026-05-05 17:33:17',0);
INSERT INTO `product_info` VALUES (84,5,15,'з•ӘиҢ„иӣӢжұӨ','https://firstaliyun-twk.oss-cn-beijing.aliyuncs.com/images/20260505/8fe8d54549c74b41a316ab889feae966.jpeg',NULL,'й…ёз”ңејҖиғғпјҢз®ҖеҚ•зҫҺе‘і',10.00,12.00,'д»Ҫ',85,1,0,0,3,'2026-05-05 17:16:53','2026-05-05 17:33:17',0);
INSERT INTO `product_info` VALUES (85,5,24,'еҮүжӢҢй»„з“ң','https://firstaliyun-twk.oss-cn-beijing.aliyuncs.com/images/20260505/8fe8d54549c74b41a316ab889feae966.jpeg',NULL,'жё…и„ҶзҲҪеҸЈпјҢеӨҸж—ҘеҮүиҸң',10.00,12.00,'д»Ҫ',80,1,0,0,1,'2026-05-05 17:16:53','2026-05-05 17:33:17',0);
INSERT INTO `product_info` VALUES (86,5,24,'еӨ«еҰ»иӮәзүҮ','https://firstaliyun-twk.oss-cn-beijing.aliyuncs.com/images/20260505/8fe8d54549c74b41a316ab889feae966.jpeg',NULL,'йә»иҫЈйІңйҰҷпјҢдёӢйҘӯзҘһеҷЁ',28.00,35.00,'д»Ҫ',75,1,0,0,2,'2026-05-05 17:16:53','2026-05-05 17:33:17',0);
INSERT INTO `product_info` VALUES (87,5,24,'еҸЈж°ҙйёЎ','https://firstaliyun-twk.oss-cn-beijing.aliyuncs.com/images/20260505/8fe8d54549c74b41a316ab889feae966.jpeg',NULL,'йә»иҫЈйІңйҰҷпјҢйёЎиӮүе«©ж»‘',26.00,32.00,'д»Ҫ',70,1,0,0,3,'2026-05-05 17:16:53','2026-05-05 17:33:17',0);
INSERT INTO `product_info` VALUES (88,5,25,'зұійҘӯ','https://firstaliyun-twk.oss-cn-beijing.aliyuncs.com/images/20260505/8fe8d54549c74b41a316ab889feae966.jpeg',NULL,'йҰҷиҪҜеҸҜеҸЈпјҢдёңеҢ—еӨ§зұі',2.00,3.00,'д»Ҫ',200,1,0,0,1,'2026-05-05 17:16:53','2026-05-05 17:33:17',0);
INSERT INTO `product_info` VALUES (89,5,25,'йҰ’еӨҙ','https://firstaliyun-twk.oss-cn-beijing.aliyuncs.com/images/20260505/8fe8d54549c74b41a316ab889feae966.jpeg',NULL,'жқҫиҪҜеҸҜеҸЈпјҢйәҰйҰҷжө“йғҒ',1.00,1.50,'дёӘ',150,1,0,0,2,'2026-05-05 17:16:53','2026-05-05 17:33:17',0);
/*!40000 ALTER TABLE `product_info` ENABLE KEYS */;
UNLOCK TABLES;

--
-- Table structure for table `product_spec`
--

DROP TABLE IF EXISTS `product_spec`;
/*!40101 SET @saved_cs_client     = @@character_set_client */;
/*!50503 SET character_set_client = utf8mb4 */;
CREATE TABLE `product_spec` (
  `spec_id` bigint(20) NOT NULL AUTO_INCREMENT COMMENT 'и§„ж јID',
  `product_id` bigint(20) NOT NULL COMMENT 'жүҖеұһе•Ҷе“ҒID',
  `spec_name` varchar(64) COLLATE utf8mb4_unicode_ci NOT NULL COMMENT 'и§„ж јеҗҚз§°пјҲеҰӮпјҡе°‘еҶ°гҖҒжӯЈеёёеҶ°гҖҒеӨ§д»ҪгҖҒе°Ҹд»Ҫпјү',
  `spec_price` decimal(10,2) NOT NULL DEFAULT '0.00' COMMENT 'и§„ж јеҠ д»·/е”®д»·',
  `stock` int(11) NOT NULL DEFAULT '0' COMMENT 'и§„ж јеә“еӯҳ',
  `create_time` datetime NOT NULL DEFAULT CURRENT_TIMESTAMP COMMENT 'еҲӣе»әж—¶й—ҙ',
  `update_time` datetime NOT NULL DEFAULT CURRENT_TIMESTAMP ON UPDATE CURRENT_TIMESTAMP COMMENT 'жӣҙж–°ж—¶й—ҙ',
  `is_deleted` tinyint(4) NOT NULL DEFAULT '0' COMMENT 'йҖ»иҫ‘еҲ йҷӨ',
  PRIMARY KEY (`spec_id`),
  KEY `idx_product_id` (`product_id`)
) ENGINE=InnoDB DEFAULT CHARSET=utf8mb4 COLLATE=utf8mb4_unicode_ci COMMENT='е•Ҷе“Ғи§„ж јиЎЁ';
/*!40101 SET character_set_client = @saved_cs_client */;

--
-- Dumping data for table `product_spec`
--

LOCK TABLES `product_spec` WRITE;
/*!40000 ALTER TABLE `product_spec` DISABLE KEYS */;
/*!40000 ALTER TABLE `product_spec` ENABLE KEYS */;
UNLOCK TABLES;

--
-- Table structure for table `shop_category`
--

DROP TABLE IF EXISTS `shop_category`;
/*!40101 SET @saved_cs_client     = @@character_set_client */;
/*!50503 SET character_set_client = utf8mb4 */;
CREATE TABLE `shop_category` (
  `category_id` bigint(20) NOT NULL AUTO_INCREMENT COMMENT 'еҲҶзұ»ID',
  `category_name` varchar(32) COLLATE utf8mb4_unicode_ci NOT NULL COMMENT 'еҲҶзұ»еҗҚз§°пјҲеҰӮпјҡеҝ«йӨҗгҖҒеҘ¶иҢ¶гҖҒж—©йӨҗпјү',
  `category_icon` varchar(255) COLLATE utf8mb4_unicode_ci DEFAULT '' COMMENT 'еҲҶзұ»еӣҫж ҮURL',
  `sort` int(11) NOT NULL DEFAULT '0' COMMENT 'жҺ’еәҸеҸ·',
  `create_time` datetime NOT NULL DEFAULT CURRENT_TIMESTAMP COMMENT 'еҲӣе»әж—¶й—ҙ',
  `update_time` datetime NOT NULL DEFAULT CURRENT_TIMESTAMP ON UPDATE CURRENT_TIMESTAMP COMMENT 'жӣҙж–°ж—¶й—ҙ',
  `is_deleted` tinyint(4) NOT NULL DEFAULT '0' COMMENT 'йҖ»иҫ‘еҲ йҷӨ',
  PRIMARY KEY (`category_id`),
  UNIQUE KEY `uk_category_name` (`category_name`)
) ENGINE=InnoDB AUTO_INCREMENT=6 DEFAULT CHARSET=utf8mb4 COLLATE=utf8mb4_unicode_ci COMMENT='еә—й“әеҲҶзұ»иЎЁ';
/*!40101 SET character_set_client = @saved_cs_client */;

--
-- Dumping data for table `shop_category`
--

LOCK TABLES `shop_category` WRITE;
/*!40000 ALTER TABLE `shop_category` DISABLE KEYS */;
INSERT INTO `shop_category` VALUES (1,'еҝ«йӨҗ','https://firstaliyun-twk.oss-cn-beijing.aliyuncs.com/images/20260505/8fe8d54549c74b41a316ab889feae966.jpeg',1,'2026-05-05 17:16:53','2026-05-05 17:33:44',0);
INSERT INTO `shop_category` VALUES (2,'еҘ¶иҢ¶йҘ®е“Ғ','https://firstaliyun-twk.oss-cn-beijing.aliyuncs.com/images/20260505/8fe8d54549c74b41a316ab889feae966.jpeg',2,'2026-05-05 17:16:53','2026-05-05 17:33:44',0);
INSERT INTO `shop_category` VALUES (3,'ж—©йӨҗ','https://firstaliyun-twk.oss-cn-beijing.aliyuncs.com/images/20260505/8fe8d54549c74b41a316ab889feae966.jpeg',3,'2026-05-05 17:16:53','2026-05-05 17:33:44',0);
INSERT INTO `shop_category` VALUES (4,'е°Ҹеҗғйӣ¶йЈҹ','https://firstaliyun-twk.oss-cn-beijing.aliyuncs.com/images/20260505/8fe8d54549c74b41a316ab889feae966.jpeg',4,'2026-05-05 17:16:53','2026-05-05 17:33:44',0);
INSERT INTO `shop_category` VALUES (5,'жӯЈйӨҗ','https://firstaliyun-twk.oss-cn-beijing.aliyuncs.com/images/20260505/8fe8d54549c74b41a316ab889feae966.jpeg',5,'2026-05-05 17:16:53','2026-05-05 17:33:44',0);
/*!40000 ALTER TABLE `shop_category` ENABLE KEYS */;
UNLOCK TABLES;

--
-- Table structure for table `shop_info`
--

DROP TABLE IF EXISTS `shop_info`;
/*!40101 SET @saved_cs_client     = @@character_set_client */;
/*!50503 SET character_set_client = utf8mb4 */;
CREATE TABLE `shop_info` (
  `shop_id` bigint(20) NOT NULL AUTO_INCREMENT COMMENT 'еә—й“әID',
  `merchant_user_id` bigint(20) NOT NULL COMMENT 'е…іиҒ”е•Ҷе®¶з”ЁжҲ·ID',
  `shop_name` varchar(128) COLLATE utf8mb4_unicode_ci NOT NULL COMMENT 'еә—й“әеҗҚз§°',
  `shop_logo` varchar(255) COLLATE utf8mb4_unicode_ci NOT NULL DEFAULT '' COMMENT 'еә—й“әLOGO URL',
  `shop_cover` varchar(255) COLLATE utf8mb4_unicode_ci DEFAULT '' COMMENT 'еә—й“әе°ҒйқўеӣҫURL',
  `shop_category_id` bigint(20) NOT NULL COMMENT 'еә—й“әеҲҶзұ»ID',
  `business_license` varchar(255) COLLATE utf8mb4_unicode_ci NOT NULL DEFAULT '' COMMENT 'иҗҘдёҡжү§з…§URL',
  `food_license` varchar(255) COLLATE utf8mb4_unicode_ci NOT NULL DEFAULT '' COMMENT 'йЈҹе“Ғз»ҸиҗҘи®ёеҸҜиҜҒURL',
  `shop_desc` varchar(512) COLLATE utf8mb4_unicode_ci DEFAULT '' COMMENT 'еә—й“әз®Җд»Ӣ',
  `business_hours` varchar(128) COLLATE utf8mb4_unicode_ci NOT NULL DEFAULT '' COMMENT 'иҗҘдёҡж—¶й—ҙпјҲеҰӮпјҡ10:00-22:00пјү',
  `contact_phone` varchar(11) COLLATE utf8mb4_unicode_ci NOT NULL COMMENT 'еә—й“әиҒ”зі»з”өиҜқ',
  `shop_address` varchar(255) COLLATE utf8mb4_unicode_ci NOT NULL COMMENT 'еә—й“әең°еқҖпјҲж ЎеӣӯеҶ…дҪҚзҪ®пјү',
  `delivery_fee` decimal(10,2) NOT NULL DEFAULT '0.00' COMMENT 'й…ҚйҖҒиҙ№',
  `min_order_amount` decimal(10,2) NOT NULL DEFAULT '0.00' COMMENT 'иө·йҖҒйҮ‘йўқ',
  `shop_status` tinyint(4) NOT NULL DEFAULT '0' COMMENT 'еә—й“әзҠ¶жҖҒпјҡ0-еҫ…е®Ўж ё 1-иҗҘдёҡдёӯ 2-е·Іжү“зғҠ 3-е®Ўж ёй©іеӣһ 4-е·ІзҰҒз”Ё',
  `audit_status` tinyint(4) NOT NULL DEFAULT '0' COMMENT 'е®Ўж ёзҠ¶жҖҒпјҡ0-еҫ…е®Ўж ё 1-е®Ўж ёйҖҡиҝҮ 2-е®Ўж ёй©іеӣһ',
  `audit_remark` varchar(255) COLLATE utf8mb4_unicode_ci DEFAULT '' COMMENT 'е®Ўж ёеӨҮжіЁ',
  `monthly_sales` int(11) NOT NULL DEFAULT '0' COMMENT 'жңҲй”ҖйҮҸ',
  `shop_score` decimal(2,1) NOT NULL DEFAULT '5.0' COMMENT 'еә—й“әиҜ„еҲҶпјҲж»ЎеҲҶ5.0пјү',
  `create_time` datetime NOT NULL DEFAULT CURRENT_TIMESTAMP COMMENT 'еҲӣе»әж—¶й—ҙ',
  `update_time` datetime NOT NULL DEFAULT CURRENT_TIMESTAMP ON UPDATE CURRENT_TIMESTAMP COMMENT 'жӣҙж–°ж—¶й—ҙ',
  `is_deleted` tinyint(4) NOT NULL DEFAULT '0' COMMENT 'йҖ»иҫ‘еҲ йҷӨ',
  `wx_qrcode` varchar(255) COLLATE utf8mb4_unicode_ci DEFAULT '' COMMENT 'еҫ®дҝЎж”¶ж¬ҫз ҒURL',
  `ali_qrcode` varchar(255) COLLATE utf8mb4_unicode_ci DEFAULT '' COMMENT 'ж”Ҝд»ҳе®қж”¶ж¬ҫз ҒURL',
  PRIMARY KEY (`shop_id`),
  UNIQUE KEY `uk_merchant_user_id` (`merchant_user_id`),
  KEY `idx_shop_category_id` (`shop_category_id`),
  KEY `idx_shop_status` (`shop_status`),
  KEY `idx_audit_status` (`audit_status`),
  KEY `idx_shop_score` (`shop_score`),
  KEY `idx_shop_name` (`shop_name`)
) ENGINE=InnoDB AUTO_INCREMENT=6 DEFAULT CHARSET=utf8mb4 COLLATE=utf8mb4_unicode_ci COMMENT='е•Ҷе®¶еә—й“әдҝЎжҒҜиЎЁ';
/*!40101 SET character_set_client = @saved_cs_client */;

--
-- Dumping data for table `shop_info`
--

LOCK TABLES `shop_info` WRITE;
/*!40000 ALTER TABLE `shop_info` DISABLE KEYS */;
INSERT INTO `shop_info` VALUES (1,7,'з¬¬дёҖйЈҹе Ӯеҝ«йӨҗ','https://firstaliyun-twk.oss-cn-beijing.aliyuncs.com/images/20260505/8fe8d54549c74b41a316ab889feae966.jpeg','https://firstaliyun-twk.oss-cn-beijing.aliyuncs.com/images/20260505/8fe8d54549c74b41a316ab889feae966.jpeg',1,'https://firstaliyun-twk.oss-cn-beijing.aliyuncs.com/images/20260505/8fe8d54549c74b41a316ab889feae966.jpeg','https://firstaliyun-twk.oss-cn-beijing.aliyuncs.com/images/20260505/8fe8d54549c74b41a316ab889feae966.jpeg','ж Ўеӣӯз¬¬дёҖйЈҹе ӮпјҢжҸҗдҫӣзҫҺе‘іе®һжғ зҡ„еҝ«йӨҗ','07:00-21:00','13900139001','з¬¬дёҖйЈҹе ӮдёҖжҘј',1.00,8.00,1,1,'',1250,4.8,'2026-05-05 17:16:53','2026-05-10 00:40:42',0,'https://firstaliyun-twk.oss-cn-beijing.aliyuncs.com/images/20260505/mm_facetoface_collect_qrcode_1778341191734.png','https://firstaliyun-twk.oss-cn-beijing.aliyuncs.com/images/20260505/1778341210640.jpg');
INSERT INTO `shop_info` VALUES (2,8,'еҝ«д№җеҘ¶иҢ¶еә—','https://firstaliyun-twk.oss-cn-beijing.aliyuncs.com/images/20260505/8fe8d54549c74b41a316ab889feae966.jpeg','https://firstaliyun-twk.oss-cn-beijing.aliyuncs.com/images/20260505/8fe8d54549c74b41a316ab889feae966.jpeg',2,'https://firstaliyun-twk.oss-cn-beijing.aliyuncs.com/images/20260505/8fe8d54549c74b41a316ab889feae966.jpeg','https://firstaliyun-twk.oss-cn-beijing.aliyuncs.com/images/20260505/8fe8d54549c74b41a316ab889feae966.jpeg','ж–°йІңеҘ¶иҢ¶пјҢеҝ«д№җжҜҸдёҖеӨ©','09:00-22:00','13900139002','е•ҶдёҡиЎ—AеҢә3еҸ·',0.00,15.00,1,1,'',980,4.9,'2026-05-05 17:16:53','2026-05-10 00:43:08',0,'https://firstaliyun-twk.oss-cn-beijing.aliyuncs.com/images/20260505/mm_facetoface_collect_qrcode_1778341191734.png','https://firstaliyun-twk.oss-cn-beijing.aliyuncs.com/images/20260505/1778341210640.jpg');
INSERT INTO `shop_info` VALUES (3,9,'ж—©йӨҗе°Ҹй“ә','https://firstaliyun-twk.oss-cn-beijing.aliyuncs.com/images/20260505/8fe8d54549c74b41a316ab889feae966.jpeg','https://firstaliyun-twk.oss-cn-beijing.aliyuncs.com/images/20260505/8fe8d54549c74b41a316ab889feae966.jpeg',3,'https://firstaliyun-twk.oss-cn-beijing.aliyuncs.com/images/20260505/8fe8d54549c74b41a316ab889feae966.jpeg','https://firstaliyun-twk.oss-cn-beijing.aliyuncs.com/images/20260505/8fe8d54549c74b41a316ab889feae966.jpeg','иҗҘе…»ж—©йӨҗпјҢејҖеҗҜзҫҺеҘҪдёҖеӨ©','06:00-10:00','13900139003','з¬¬дәҢйЈҹе Ӯй—ЁеҸЈ',0.50,5.00,1,1,'',850,4.7,'2026-05-05 17:16:53','2026-05-10 00:43:08',0,'https://firstaliyun-twk.oss-cn-beijing.aliyuncs.com/images/20260505/mm_facetoface_collect_qrcode_1778341191734.png','https://firstaliyun-twk.oss-cn-beijing.aliyuncs.com/images/20260505/1778341210640.jpg');
INSERT INTO `shop_info` VALUES (4,10,'йӣ¶йЈҹе°ҸеҚ–йғЁ','https://firstaliyun-twk.oss-cn-beijing.aliyuncs.com/images/20260505/8fe8d54549c74b41a316ab889feae966.jpeg','https://firstaliyun-twk.oss-cn-beijing.aliyuncs.com/images/20260505/8fe8d54549c74b41a316ab889feae966.jpeg',4,'https://firstaliyun-twk.oss-cn-beijing.aliyuncs.com/images/20260505/8fe8d54549c74b41a316ab889feae966.jpeg','https://firstaliyun-twk.oss-cn-beijing.aliyuncs.com/images/20260505/8fe8d54549c74b41a316ab889feae966.jpeg','еҗ„з§Қйӣ¶йЈҹпјҢж»Ўи¶ідҪ зҡ„е‘іи•ҫ','08:00-23:00','13900139004','е®ҝиҲҚеҢәBеҢә1еҸ·',1.50,10.00,1,1,'',650,4.6,'2026-05-05 17:16:53','2026-05-10 00:43:08',0,'https://firstaliyun-twk.oss-cn-beijing.aliyuncs.com/images/20260505/mm_facetoface_collect_qrcode_1778341191734.png','https://firstaliyun-twk.oss-cn-beijing.aliyuncs.com/images/20260505/1778341210640.jpg');
INSERT INTO `shop_info` VALUES (5,11,'е·қе‘іе®¶еёёиҸң','https://firstaliyun-twk.oss-cn-beijing.aliyuncs.com/images/20260505/8fe8d54549c74b41a316ab889feae966.jpeg','https://firstaliyun-twk.oss-cn-beijing.aliyuncs.com/images/20260505/8fe8d54549c74b41a316ab889feae966.jpeg',5,'https://firstaliyun-twk.oss-cn-beijing.aliyuncs.com/images/20260505/8fe8d54549c74b41a316ab889feae966.jpeg','https://firstaliyun-twk.oss-cn-beijing.aliyuncs.com/images/20260505/8fe8d54549c74b41a316ab889feae966.jpeg','жӯЈе®—е·қиҸңпјҢйә»иҫЈйІңйҰҷ','10:00-21:00','13900139005','е•ҶдёҡиЎ—BеҢә5еҸ·',2.00,20.00,1,1,'',720,4.8,'2026-05-05 17:16:53','2026-05-10 00:43:08',0,'https://firstaliyun-twk.oss-cn-beijing.aliyuncs.com/images/20260505/mm_facetoface_collect_qrcode_1778341191734.png','https://firstaliyun-twk.oss-cn-beijing.aliyuncs.com/images/20260505/1778341210640.jpg');
/*!40000 ALTER TABLE `shop_info` ENABLE KEYS */;
UNLOCK TABLES;

--
-- Table structure for table `shopping_cart`
--

DROP TABLE IF EXISTS `shopping_cart`;
/*!40101 SET @saved_cs_client     = @@character_set_client */;
/*!50503 SET character_set_client = utf8mb4 */;
CREATE TABLE `shopping_cart` (
  `cart_id` bigint(20) NOT NULL AUTO_INCREMENT COMMENT 'иҙӯзү©иҪҰID',
  `user_id` bigint(20) NOT NULL COMMENT 'жүҖеұһз”ЁжҲ·ID',
  `shop_id` bigint(20) NOT NULL COMMENT 'жүҖеұһеә—й“әID',
  `product_id` bigint(20) NOT NULL COMMENT 'е•Ҷе“ҒID',
  `spec_id` bigint(20) DEFAULT NULL COMMENT 'е•Ҷе“Ғи§„ж јID',
  `product_num` int(11) NOT NULL DEFAULT '1' COMMENT 'е•Ҷе“Ғж•°йҮҸ',
  `is_checked` tinyint(4) NOT NULL DEFAULT '1' COMMENT 'жҳҜеҗҰйҖүдёӯпјҡ0-жңӘйҖүдёӯ 1-йҖүдёӯ',
  `create_time` datetime NOT NULL DEFAULT CURRENT_TIMESTAMP COMMENT 'еҲӣе»әж—¶й—ҙ',
  `update_time` datetime NOT NULL DEFAULT CURRENT_TIMESTAMP ON UPDATE CURRENT_TIMESTAMP COMMENT 'жӣҙж–°ж—¶й—ҙ',
  `is_deleted` tinyint(4) NOT NULL DEFAULT '0' COMMENT 'йҖ»иҫ‘еҲ йҷӨ',
  PRIMARY KEY (`cart_id`),
  KEY `idx_user_id` (`user_id`),
  KEY `idx_shop_id` (`shop_id`),
  KEY `idx_product_id` (`product_id`),
  KEY `idx_user_shop` (`user_id`,`shop_id`)
) ENGINE=InnoDB AUTO_INCREMENT=48 DEFAULT CHARSET=utf8mb4 COLLATE=utf8mb4_unicode_ci COMMENT='иҙӯзү©иҪҰиЎЁ';
/*!40101 SET character_set_client = @saved_cs_client */;

--
-- Dumping data for table `shopping_cart`
--

LOCK TABLES `shopping_cart` WRITE;
/*!40000 ALTER TABLE `shopping_cart` DISABLE KEYS */;
INSERT INTO `shopping_cart` VALUES (1,2,1,3,NULL,1,1,'2026-05-05 17:16:53','2026-05-09 22:14:57',1);
INSERT INTO `shopping_cart` VALUES (2,2,1,6,NULL,1,1,'2026-05-05 17:16:53','2026-05-09 22:15:02',1);
INSERT INTO `shopping_cart` VALUES (3,2,2,13,NULL,1,0,'2026-05-05 17:16:53','2026-05-09 22:15:00',1);
INSERT INTO `shopping_cart` VALUES (4,3,3,17,NULL,3,1,'2026-05-05 17:16:53','2026-05-05 17:16:53',0);
INSERT INTO `shopping_cart` VALUES (5,4,5,30,NULL,1,1,'2026-05-05 17:16:53','2026-05-05 17:16:53',0);
INSERT INTO `shopping_cart` VALUES (6,5,4,24,NULL,2,1,'2026-05-05 17:16:53','2026-05-05 17:16:53',0);
INSERT INTO `shopping_cart` VALUES (7,6,2,15,NULL,1,0,'2026-05-05 17:16:53','2026-05-05 17:16:53',0);
INSERT INTO `shopping_cart` VALUES (8,12,1,5,NULL,2,1,'2026-05-05 17:16:53','2026-05-05 17:16:53',0);
INSERT INTO `shopping_cart` VALUES (9,13,2,27,NULL,1,1,'2026-05-05 17:16:53','2026-05-05 17:16:53',0);
INSERT INTO `shopping_cart` VALUES (10,14,3,45,NULL,1,1,'2026-05-05 17:16:53','2026-05-05 17:16:53',0);
INSERT INTO `shopping_cart` VALUES (11,15,4,53,NULL,2,1,'2026-05-05 17:16:53','2026-05-05 17:16:53',0);
INSERT INTO `shopping_cart` VALUES (12,16,5,72,NULL,1,1,'2026-05-05 17:16:53','2026-05-05 17:16:53',0);
INSERT INTO `shopping_cart` VALUES (13,17,1,2,NULL,1,0,'2026-05-05 17:16:53','2026-05-05 17:16:53',0);
INSERT INTO `shopping_cart` VALUES (14,18,2,22,NULL,1,1,'2026-05-05 17:16:53','2026-05-05 17:16:53',0);
INSERT INTO `shopping_cart` VALUES (15,19,3,37,NULL,3,1,'2026-05-05 17:16:53','2026-05-05 17:16:53',0);
INSERT INTO `shopping_cart` VALUES (16,20,4,61,NULL,2,1,'2026-05-05 17:16:53','2026-05-05 17:16:53',0);
INSERT INTO `shopping_cart` VALUES (17,21,5,73,NULL,1,1,'2026-05-05 17:16:53','2026-05-05 17:16:53',0);
INSERT INTO `shopping_cart` VALUES (18,22,1,7,NULL,2,1,'2026-05-05 17:16:53','2026-05-05 17:16:53',0);
INSERT INTO `shopping_cart` VALUES (19,23,2,28,NULL,1,0,'2026-05-05 17:16:53','2026-05-05 17:16:53',0);
INSERT INTO `shopping_cart` VALUES (20,24,3,42,NULL,2,1,'2026-05-05 17:16:53','2026-05-05 17:16:53',0);
INSERT INTO `shopping_cart` VALUES (21,25,4,57,NULL,1,1,'2026-05-05 17:16:53','2026-05-05 17:16:53',0);
INSERT INTO `shopping_cart` VALUES (22,26,5,74,NULL,1,1,'2026-05-05 17:16:53','2026-05-05 17:16:53',0);
INSERT INTO `shopping_cart` VALUES (23,27,1,1,NULL,1,0,'2026-05-05 17:16:53','2026-05-05 17:16:53',0);
INSERT INTO `shopping_cart` VALUES (24,28,2,30,NULL,1,1,'2026-05-05 17:16:53','2026-05-05 17:16:53',0);
INSERT INTO `shopping_cart` VALUES (25,29,3,46,NULL,2,1,'2026-05-05 17:16:53','2026-05-05 17:16:53',0);
INSERT INTO `shopping_cart` VALUES (26,30,4,65,NULL,1,1,'2026-05-05 17:16:53','2026-05-05 17:16:53',0);
INSERT INTO `shopping_cart` VALUES (27,31,5,77,NULL,1,1,'2026-05-05 17:16:53','2026-05-05 17:16:53',0);
INSERT INTO `shopping_cart` VALUES (28,32,1,14,NULL,1,0,'2026-05-05 17:16:53','2026-05-05 17:16:53',0);
INSERT INTO `shopping_cart` VALUES (29,33,2,33,NULL,1,1,'2026-05-05 17:16:53','2026-05-05 17:16:53',0);
INSERT INTO `shopping_cart` VALUES (30,34,3,38,NULL,2,1,'2026-05-05 17:16:53','2026-05-05 17:16:53',0);
INSERT INTO `shopping_cart` VALUES (31,35,4,70,NULL,1,1,'2026-05-05 17:16:53','2026-05-05 17:16:53',0);
INSERT INTO `shopping_cart` VALUES (32,36,5,88,NULL,2,1,'2026-05-05 17:16:53','2026-05-05 17:16:53',0);
INSERT INTO `shopping_cart` VALUES (33,2,1,3,NULL,1,1,'2026-05-09 22:15:09','2026-05-09 22:15:14',1);
INSERT INTO `shopping_cart` VALUES (34,2,1,2,NULL,1,1,'2026-05-09 22:15:11','2026-05-09 22:15:14',1);
INSERT INTO `shopping_cart` VALUES (35,2,1,5,NULL,1,1,'2026-05-09 23:35:14','2026-05-10 02:44:24',1);
INSERT INTO `shopping_cart` VALUES (36,2,2,24,NULL,1,1,'2026-05-10 00:41:12','2026-05-10 02:44:24',1);
INSERT INTO `shopping_cart` VALUES (37,2,1,5,NULL,1,1,'2026-05-10 02:41:57','2026-05-10 02:44:24',1);
INSERT INTO `shopping_cart` VALUES (38,2,1,4,NULL,1,1,'2026-05-10 12:42:46','2026-05-14 19:19:08',1);
INSERT INTO `shopping_cart` VALUES (39,2,4,54,NULL,3,1,'2026-05-10 17:55:31','2026-05-14 19:19:08',1);
INSERT INTO `shopping_cart` VALUES (40,2,1,5,NULL,1,1,'2026-05-14 20:40:18','2026-05-14 21:11:42',1);
INSERT INTO `shopping_cart` VALUES (41,2,1,1,NULL,1,1,'2026-05-14 20:40:19','2026-05-14 21:11:42',1);
INSERT INTO `shopping_cart` VALUES (42,2,1,4,NULL,1,1,'2026-05-14 20:40:20','2026-05-14 21:11:42',1);
INSERT INTO `shopping_cart` VALUES (43,2,1,10,NULL,1,1,'2026-05-14 20:40:22','2026-05-14 21:11:42',1);
INSERT INTO `shopping_cart` VALUES (44,2,2,25,NULL,1,1,'2026-05-14 20:40:26','2026-05-14 21:11:42',1);
INSERT INTO `shopping_cart` VALUES (45,2,2,24,NULL,1,1,'2026-05-14 20:40:27','2026-05-14 21:11:42',1);
INSERT INTO `shopping_cart` VALUES (46,2,1,5,NULL,1,1,'2026-05-14 21:19:55','2026-05-14 21:20:03',1);
INSERT INTO `shopping_cart` VALUES (47,2,1,4,NULL,1,1,'2026-05-14 21:19:56','2026-05-14 21:20:03',1);
/*!40000 ALTER TABLE `shopping_cart` ENABLE KEYS */;
UNLOCK TABLES;

--
-- Table structure for table `student_info`
--

DROP TABLE IF EXISTS `student_info`;
/*!40101 SET @saved_cs_client     = @@character_set_client */;
/*!50503 SET character_set_client = utf8mb4 */;
CREATE TABLE `student_info` (
  `student_id` bigint(20) NOT NULL AUTO_INCREMENT COMMENT 'дё»й”®ID',
  `user_id` bigint(20) NOT NULL COMMENT 'е…іиҒ”зі»з»ҹз”ЁжҲ·ID',
  `student_no` varchar(32) COLLATE utf8mb4_unicode_ci NOT NULL COMMENT 'еӯҰеҸ·',
  `college` varchar(128) COLLATE utf8mb4_unicode_ci DEFAULT '' COMMENT 'жүҖеұһеӯҰйҷў',
  `major` varchar(128) COLLATE utf8mb4_unicode_ci DEFAULT '' COMMENT 'жүҖеұһдё“дёҡ',
  `grade` varchar(32) COLLATE utf8mb4_unicode_ci DEFAULT '' COMMENT 'е№ҙзә§',
  `dormitory` varchar(128) COLLATE utf8mb4_unicode_ci DEFAULT '' COMMENT 'е®ҝиҲҚең°еқҖ',
  `create_time` datetime NOT NULL DEFAULT CURRENT_TIMESTAMP COMMENT 'еҲӣе»әж—¶й—ҙ',
  `update_time` datetime NOT NULL DEFAULT CURRENT_TIMESTAMP ON UPDATE CURRENT_TIMESTAMP COMMENT 'жӣҙж–°ж—¶й—ҙ',
  `is_deleted` tinyint(4) NOT NULL DEFAULT '0' COMMENT 'йҖ»иҫ‘еҲ йҷӨ',
  PRIMARY KEY (`student_id`),
  UNIQUE KEY `uk_user_id` (`user_id`),
  UNIQUE KEY `uk_student_no` (`student_no`)
) ENGINE=InnoDB AUTO_INCREMENT=31 DEFAULT CHARSET=utf8mb4 COLLATE=utf8mb4_unicode_ci COMMENT='еӯҰз”ҹиҜҰз»ҶдҝЎжҒҜиЎЁ';
/*!40101 SET character_set_client = @saved_cs_client */;

--
-- Dumping data for table `student_info`
--

LOCK TABLES `student_info` WRITE;
/*!40000 ALTER TABLE `student_info` DISABLE KEYS */;
INSERT INTO `student_info` VALUES (1,2,'2021001001','и®Ўз®—жңәеӯҰйҷў','иҪҜд»¶е·ҘзЁӢ','2021зә§','дёңеҢә3еҸ·жҘј503','2026-05-05 17:16:53','2026-05-05 17:16:53',0);
INSERT INTO `student_info` VALUES (2,3,'2021001002','и®Ўз®—жңәеӯҰйҷў','и®Ўз®—жңәз§‘еӯҰдёҺжҠҖжңҜ','2021зә§','дёңеҢә3еҸ·жҘј503','2026-05-05 17:16:53','2026-05-05 17:16:53',0);
INSERT INTO `student_info` VALUES (3,4,'2021001003','з»ҸжөҺз®ЎзҗҶеӯҰйҷў','е·Ҙе•Ҷз®ЎзҗҶ','2021зә§','иҘҝеҢә5еҸ·жҘј301','2026-05-05 17:16:53','2026-05-05 17:16:53',0);
INSERT INTO `student_info` VALUES (4,5,'2021001004','еӨ–еӣҪиҜӯеӯҰйҷў','иӢұиҜӯ','2021зә§','иҘҝеҢә5еҸ·жҘј302','2026-05-05 17:16:53','2026-05-05 17:16:53',0);
INSERT INTO `student_info` VALUES (5,6,'2021001005','жңәжў°е·ҘзЁӢеӯҰйҷў','жңәжў°и®ҫи®Ў','2021зә§','дёңеҢә4еҸ·жҘј201','2026-05-05 17:16:53','2026-05-05 17:16:53',0);
INSERT INTO `student_info` VALUES (6,12,'2021001006','и®Ўз®—жңәеӯҰйҷў','дҝЎжҒҜе®үе…Ё','2021зә§','дёңеҢә6еҸ·жҘј101','2026-05-05 17:16:53','2026-05-05 17:16:53',0);
INSERT INTO `student_info` VALUES (7,13,'2021001007','з»ҸжөҺз®ЎзҗҶеӯҰйҷў','еёӮеңәиҗҘй”Җ','2021зә§','иҘҝеҢә7еҸ·жҘј202','2026-05-05 17:16:53','2026-05-05 17:16:53',0);
INSERT INTO `student_info` VALUES (8,14,'2021001008','ж–ҮеӯҰйҷў','жұүиҜӯиЁҖж–ҮеӯҰ','2021зә§','дёңеҢә8еҸ·жҘј303','2026-05-05 17:16:53','2026-05-05 17:16:53',0);
INSERT INTO `student_info` VALUES (9,15,'2021001009','зҗҶеӯҰйҷў','ж•°еӯҰдёҺеә”з”Ёж•°еӯҰ','2021зә§','иҘҝеҢә9еҸ·жҘј404','2026-05-05 17:16:53','2026-05-05 17:16:53',0);
INSERT INTO `student_info` VALUES (10,16,'2021001010','и®Ўз®—жңәеӯҰйҷў','зү©иҒ”зҪ‘е·ҘзЁӢ','2022зә§','дёңеҢә10еҸ·жҘј505','2026-05-05 17:16:53','2026-05-05 17:16:53',0);
INSERT INTO `student_info` VALUES (11,17,'2021001011','жңәжў°е·ҘзЁӢеӯҰйҷў','иҪҰиҫҶе·ҘзЁӢ','2022зә§','иҘҝеҢә11еҸ·жҘј606','2026-05-05 17:16:53','2026-05-05 17:16:53',0);
INSERT INTO `student_info` VALUES (12,18,'2021001012','з”өж°”е·ҘзЁӢеӯҰйҷў','з”өж°”е·ҘзЁӢ','2022зә§','дёңеҢә12еҸ·жҘј707','2026-05-05 17:16:53','2026-05-05 17:16:53',0);
INSERT INTO `student_info` VALUES (13,19,'2021001013','еңҹжңЁе·ҘзЁӢеӯҰйҷў','еңҹжңЁе·ҘзЁӢ','2022зә§','иҘҝеҢә13еҸ·жҘј808','2026-05-05 17:16:53','2026-05-05 17:16:53',0);
INSERT INTO `student_info` VALUES (14,20,'2021001014','еҢ–еӯҰеҢ–е·ҘеӯҰйҷў','еә”з”ЁеҢ–еӯҰ','2022зә§','дёңеҢә14еҸ·жҘј909','2026-05-05 17:16:53','2026-05-05 17:16:53',0);
INSERT INTO `student_info` VALUES (15,21,'2021001015','з”ҹе‘Ҫз§‘еӯҰеӯҰйҷў','з”ҹзү©з§‘еӯҰ','2023зә§','иҘҝеҢә15еҸ·жҘј1010','2026-05-05 17:16:53','2026-05-05 17:16:53',0);
INSERT INTO `student_info` VALUES (16,22,'2021001016','зҫҺжңҜеӯҰйҷў','и§Ҷи§үдј иҫҫи®ҫи®Ў','2023зә§','дёңеҢә16еҸ·жҘј1111','2026-05-05 17:16:53','2026-05-05 17:16:53',0);
INSERT INTO `student_info` VALUES (17,23,'2021001017','йҹід№җеӯҰйҷў','йҹід№җеӯҰ','2023зә§','иҘҝеҢә17еҸ·жҘј1212','2026-05-05 17:16:53','2026-05-05 17:16:53',0);
INSERT INTO `student_info` VALUES (18,24,'2021001018','дҪ“иӮІеӯҰйҷў','дҪ“иӮІж•ҷиӮІ','2023зә§','дёңеҢә18еҸ·жҘј1313','2026-05-05 17:16:53','2026-05-05 17:16:53',0);
INSERT INTO `student_info` VALUES (19,25,'2021001019','ж•ҷиӮІеӯҰйҷў','ж•ҷиӮІжҠҖжңҜеӯҰ','2023зә§','иҘҝеҢә19еҸ·жҘј1414','2026-05-05 17:16:53','2026-05-05 17:16:53',0);
INSERT INTO `student_info` VALUES (20,26,'2021001020','жі•еӯҰйҷў','жі•еӯҰ','2020зә§','дёңеҢә20еҸ·жҘј1515','2026-05-05 17:16:53','2026-05-05 17:16:53',0);
INSERT INTO `student_info` VALUES (21,27,'2021001021','е…¬е…ұз®ЎзҗҶеӯҰйҷў','иЎҢж”ҝз®ЎзҗҶ','2020зә§','иҘҝеҢә21еҸ·жҘј1616','2026-05-05 17:16:53','2026-05-05 17:16:53',0);
INSERT INTO `student_info` VALUES (22,28,'2021001022','ж–°й—»дёҺдј ж’ӯеӯҰйҷў','ж–°й—»еӯҰ','2020зә§','дёңеҢә22еҸ·жҘј1717','2026-05-05 17:16:53','2026-05-05 17:16:53',0);
INSERT INTO `student_info` VALUES (23,29,'2021001023','ж—…жёёеӯҰйҷў','ж—…жёёз®ЎзҗҶ','2020зә§','иҘҝеҢә23еҸ·жҘј1818','2026-05-05 17:16:53','2026-05-05 17:16:53',0);
INSERT INTO `student_info` VALUES (24,30,'2021001024','жқҗж–ҷз§‘еӯҰдёҺе·ҘзЁӢеӯҰйҷў','жқҗж–ҷз§‘еӯҰ','2020зә§','дёңеҢә24еҸ·жҘј1919','2026-05-05 17:16:53','2026-05-05 17:16:53',0);
INSERT INTO `student_info` VALUES (25,31,'2021001025','иҲӘз©әиҲӘеӨ©еӯҰйҷў','иҲӘз©әиҲӘеӨ©е·ҘзЁӢ','2024зә§','иҘҝеҢә25еҸ·жҘј2020','2026-05-05 17:16:53','2026-05-05 17:16:53',0);
INSERT INTO `student_info` VALUES (26,32,'2021001026','е…үеӯҗдёҺйҮҸеӯҗжҠҖжңҜеӯҰйҷў','е…үз”өдҝЎжҒҜз§‘еӯҰ','2024зә§','дёңеҢә26еҸ·жҘј2121','2026-05-05 17:16:53','2026-05-05 17:16:53',0);
INSERT INTO `student_info` VALUES (27,33,'2021001027','дәәе·ҘжҷәиғҪеӯҰйҷў','дәәе·ҘжҷәиғҪ','2024зә§','иҘҝеҢә27еҸ·жҘј2222','2026-05-05 17:16:53','2026-05-05 17:16:53',0);
INSERT INTO `student_info` VALUES (28,34,'2021001028','зҪ‘з»ңз©әй—ҙе®үе…ЁеӯҰйҷў','зҪ‘з»ңз©әй—ҙе®үе…Ё','2024зә§','дёңеҢә28еҸ·жҘј2323','2026-05-05 17:16:53','2026-05-05 17:16:53',0);
INSERT INTO `student_info` VALUES (29,35,'2021001029','еӨ§ж•°жҚ®дёҺдәәе·ҘжҷәиғҪеӯҰйҷў','ж•°жҚ®з§‘еӯҰдёҺеӨ§ж•°жҚ®жҠҖжңҜ','2024зә§','иҘҝеҢә29еҸ·жҘј2424','2026-05-05 17:16:53','2026-05-05 17:16:53',0);
INSERT INTO `student_info` VALUES (30,36,'2021001030','й©¬е…ӢжҖқдё»д№үеӯҰйҷў','жҖқжғіж”ҝжІ»ж•ҷиӮІ','2024зә§','дёңеҢә30еҸ·жҘј2525','2026-05-05 17:16:53','2026-05-05 17:16:53',0);
/*!40000 ALTER TABLE `student_info` ENABLE KEYS */;
UNLOCK TABLES;

--
-- Table structure for table `sys_config`
--

DROP TABLE IF EXISTS `sys_config`;
/*!40101 SET @saved_cs_client     = @@character_set_client */;
/*!50503 SET character_set_client = utf8mb4 */;
CREATE TABLE `sys_config` (
  `config_id` bigint(20) NOT NULL AUTO_INCREMENT COMMENT 'й…ҚзҪ®ID',
  `config_key` varchar(64) COLLATE utf8mb4_unicode_ci NOT NULL COMMENT 'й…ҚзҪ®й”®еҗҚ',
  `config_value` varchar(512) COLLATE utf8mb4_unicode_ci NOT NULL COMMENT 'й…ҚзҪ®й”®еҖј',
  `config_name` varchar(128) COLLATE utf8mb4_unicode_ci NOT NULL COMMENT 'й…ҚзҪ®еҗҚз§°',
  `config_desc` varchar(255) COLLATE utf8mb4_unicode_ci DEFAULT '' COMMENT 'й…ҚзҪ®жҸҸиҝ°',
  `create_time` datetime NOT NULL DEFAULT CURRENT_TIMESTAMP COMMENT 'еҲӣе»әж—¶й—ҙ',
  `update_time` datetime NOT NULL DEFAULT CURRENT_TIMESTAMP ON UPDATE CURRENT_TIMESTAMP COMMENT 'жӣҙж–°ж—¶й—ҙ',
  `is_deleted` tinyint(4) NOT NULL DEFAULT '0' COMMENT 'йҖ»иҫ‘еҲ йҷӨ',
  PRIMARY KEY (`config_id`),
  UNIQUE KEY `uk_config_key` (`config_key`)
) ENGINE=InnoDB AUTO_INCREMENT=7 DEFAULT CHARSET=utf8mb4 COLLATE=utf8mb4_unicode_ci COMMENT='зі»з»ҹеҸӮж•°й…ҚзҪ®иЎЁ';
/*!40101 SET character_set_client = @saved_cs_client */;

--
-- Dumping data for table `sys_config`
--

LOCK TABLES `sys_config` WRITE;
/*!40000 ALTER TABLE `sys_config` DISABLE KEYS */;
INSERT INTO `sys_config` VALUES (1,'order.expire.minutes','30','и®ўеҚ•ж”Ҝд»ҳиҝҮжңҹж—¶й—ҙпјҲеҲҶй’ҹпјү','з”ЁжҲ·еҲӣе»әи®ўеҚ•еҗҺйңҖеңЁиҜҘж—¶й—ҙеҶ…е®ҢжҲҗж”Ҝд»ҳпјҢеҗҰеҲҷи®ўеҚ•иҮӘеҠЁеҸ–ж¶Ҳ','2026-05-05 17:16:53','2026-05-05 17:16:53',0);
INSERT INTO `sys_config` VALUES (2,'file.upload.path','/data/upload','ж–Үд»¶дёҠдј и·Ҝеҫ„','еӣҫзүҮзӯүж–Үд»¶зҡ„жңҚеҠЎеҷЁеӯҳеӮЁи·Ҝеҫ„','2026-05-05 17:16:53','2026-05-05 17:16:53',0);
INSERT INTO `sys_config` VALUES (3,'file.upload.max.size','10485760','ж–Үд»¶дёҠдј жңҖеӨ§еӨ§е°ҸпјҲеӯ—иҠӮпјү','й»ҳи®Ө10MB','2026-05-05 17:16:53','2026-05-05 17:16:53',0);
INSERT INTO `sys_config` VALUES (4,'system.name','ж ЎеӣӯзӮ№йӨҗзі»з»ҹ','зі»з»ҹеҗҚз§°','е№іеҸ°зі»з»ҹеҗҚз§°','2026-05-05 17:16:53','2026-05-05 17:16:53',0);
INSERT INTO `sys_config` VALUES (5,'system.notice','дҪ еҘҪ','зі»з»ҹе…¬е‘Ҡ','е№іеҸ°зі»з»ҹе…¬е‘ҠеҶ…е®№','2026-05-05 17:16:53','2026-05-05 17:16:53',0);
INSERT INTO `sys_config` VALUES (6,'max.delivery.fee','10','й…ҚйҖҒиҙ№дёҠйҷҗ','и®ўеҚ•й…ҚйҖҒиҙ№дёҠйҷҗйҮ‘йўқ','2026-05-05 17:16:53','2026-05-05 17:16:53',0);
/*!40000 ALTER TABLE `sys_config` ENABLE KEYS */;
UNLOCK TABLES;

--
-- Table structure for table `sys_role`
--

DROP TABLE IF EXISTS `sys_role`;
/*!40101 SET @saved_cs_client     = @@character_set_client */;
/*!50503 SET character_set_client = utf8mb4 */;
CREATE TABLE `sys_role` (
  `role_id` bigint(20) NOT NULL AUTO_INCREMENT COMMENT 'и§’иүІе”ҜдёҖID',
  `role_code` varchar(32) COLLATE utf8mb4_unicode_ci NOT NULL COMMENT 'и§’иүІзј–з ҒпјҡSTUDENT-еӯҰз”ҹ MERCHANT-е•Ҷе®¶ ADMIN-з®ЎзҗҶе‘ҳ',
  `role_name` varchar(32) COLLATE utf8mb4_unicode_ci NOT NULL COMMENT 'и§’иүІеҗҚз§°',
  `role_desc` varchar(255) COLLATE utf8mb4_unicode_ci DEFAULT '' COMMENT 'и§’иүІжҸҸиҝ°',
  `create_time` datetime NOT NULL DEFAULT CURRENT_TIMESTAMP COMMENT 'еҲӣе»әж—¶й—ҙ',
  `update_time` datetime NOT NULL DEFAULT CURRENT_TIMESTAMP ON UPDATE CURRENT_TIMESTAMP COMMENT 'жӣҙж–°ж—¶й—ҙ',
  `is_deleted` tinyint(4) NOT NULL DEFAULT '0' COMMENT 'йҖ»иҫ‘еҲ йҷӨпјҡ0-жңӘеҲ йҷӨ 1-е·ІеҲ йҷӨ',
  PRIMARY KEY (`role_id`),
  UNIQUE KEY `uk_role_code` (`role_code`)
) ENGINE=InnoDB AUTO_INCREMENT=4 DEFAULT CHARSET=utf8mb4 COLLATE=utf8mb4_unicode_ci COMMENT='зі»з»ҹи§’иүІиЎЁ';
/*!40101 SET character_set_client = @saved_cs_client */;

--
-- Dumping data for table `sys_role`
--

LOCK TABLES `sys_role` WRITE;
/*!40000 ALTER TABLE `sys_role` DISABLE KEYS */;
INSERT INTO `sys_role` VALUES (1,'STUDENT','еӯҰз”ҹ','ж ЎеӣӯзӮ№йӨҗзі»з»ҹеӯҰз”ҹз”ЁжҲ·','2026-05-05 17:16:53','2026-05-05 17:16:53',0);
INSERT INTO `sys_role` VALUES (2,'MERCHANT','е•Ҷе®¶','ж ЎеӣӯзӮ№йӨҗзі»з»ҹе•Ҷе®¶з”ЁжҲ·','2026-05-05 17:16:53','2026-05-05 17:16:53',0);
INSERT INTO `sys_role` VALUES (3,'ADMIN','з®ЎзҗҶе‘ҳ','ж ЎеӣӯзӮ№йӨҗзі»з»ҹе№іеҸ°з®ЎзҗҶе‘ҳ','2026-05-05 17:16:53','2026-05-05 17:16:53',0);
/*!40000 ALTER TABLE `sys_role` ENABLE KEYS */;
UNLOCK TABLES;

--
-- Table structure for table `sys_user`
--

DROP TABLE IF EXISTS `sys_user`;
/*!40101 SET @saved_cs_client     = @@character_set_client */;
/*!50503 SET character_set_client = utf8mb4 */;
CREATE TABLE `sys_user` (
  `user_id` bigint(20) NOT NULL AUTO_INCREMENT COMMENT 'з”ЁжҲ·е”ҜдёҖID',
  `user_no` varchar(64) COLLATE utf8mb4_unicode_ci NOT NULL COMMENT 'зҷ»еҪ•иҙҰеҸ·пјҲеӯҰз”ҹеӯҰеҸ·/е•Ҷе®¶иҙҰеҸ·/з®ЎзҗҶе‘ҳиҙҰеҸ·пјү',
  `password` varchar(128) COLLATE utf8mb4_unicode_ci NOT NULL COMMENT 'еҠ еҜҶеӯҳеӮЁеҜҶз ҒпјҲBCryptеҠ еҜҶпјү',
  `phone` varchar(11) COLLATE utf8mb4_unicode_ci NOT NULL COMMENT 'жүӢжңәеҸ·',
  `avatar` varchar(255) COLLATE utf8mb4_unicode_ci DEFAULT '' COMMENT 'з”ЁжҲ·еӨҙеғҸURL',
  `user_name` varchar(32) COLLATE utf8mb4_unicode_ci DEFAULT '' COMMENT 'з”ЁжҲ·е§“еҗҚ',
  `status` tinyint(4) NOT NULL DEFAULT '1' COMMENT 'иҙҰеҸ·зҠ¶жҖҒпјҡ0-зҰҒз”Ё 1-жӯЈеёё',
  `last_login_time` datetime DEFAULT NULL COMMENT 'жңҖеҗҺзҷ»еҪ•ж—¶й—ҙ',
  `create_time` datetime NOT NULL DEFAULT CURRENT_TIMESTAMP COMMENT 'еҲӣе»әж—¶й—ҙ',
  `update_time` datetime NOT NULL DEFAULT CURRENT_TIMESTAMP ON UPDATE CURRENT_TIMESTAMP COMMENT 'жӣҙж–°ж—¶й—ҙ',
  `is_deleted` tinyint(4) NOT NULL DEFAULT '0' COMMENT 'йҖ»иҫ‘еҲ йҷӨпјҡ0-жңӘеҲ йҷӨ 1-е·ІеҲ йҷӨ',
  `user_type` int(11) DEFAULT '1' COMMENT 'з”ЁжҲ·зұ»еһӢпјҡ1-еӯҰз”ҹ 2-е•Ҷе®¶ 3-з®ЎзҗҶе‘ҳ',
  PRIMARY KEY (`user_id`),
  UNIQUE KEY `uk_user_no` (`user_no`),
  UNIQUE KEY `uk_phone` (`phone`),
  KEY `idx_status` (`status`),
  KEY `idx_is_deleted` (`is_deleted`)
) ENGINE=InnoDB AUTO_INCREMENT=37 DEFAULT CHARSET=utf8mb4 COLLATE=utf8mb4_unicode_ci COMMENT='зі»з»ҹз”ЁжҲ·иЎЁ';
/*!40101 SET character_set_client = @saved_cs_client */;

--
-- Dumping data for table `sys_user`
--

LOCK TABLES `sys_user` WRITE;
/*!40000 ALTER TABLE `sys_user` DISABLE KEYS */;
INSERT INTO `sys_user` VALUES (1,'admin','$2a$10$0xEvtnj2DaccPqwRPbB.3u9tUAo0IPRfs9QMV8giJYXUl/9fp9dyi','13800138000','','зі»з»ҹз®ЎзҗҶе‘ҳ',1,'2026-05-16 03:56:35','2026-05-05 17:16:53','2026-05-14 19:27:25',0,3);
INSERT INTO `sys_user` VALUES (2,'2021001001','$2a$10$0xEvtnj2DaccPqwRPbB.3u9tUAo0IPRfs9QMV8giJYXUl/9fp9dyi','13800138001','https://firstaliyun-twk.oss-cn-beijing.aliyuncs.com/images/20260516/cf7666794247407e935fb1fd245145af.png','еј дёү',1,'2026-05-16 03:55:46','2026-05-05 17:16:53','2026-05-05 17:17:02',0,1);
INSERT INTO `sys_user` VALUES (3,'2021001002','$2a$10$0xEvtnj2DaccPqwRPbB.3u9tUAo0IPRfs9QMV8giJYXUl/9fp9dyi','13800138002','','жқҺеӣӣ',1,NULL,'2026-05-05 17:16:53','2026-05-05 17:17:02',0,1);
INSERT INTO `sys_user` VALUES (4,'2021001003','$2a$10$0xEvtnj2DaccPqwRPbB.3u9tUAo0IPRfs9QMV8giJYXUl/9fp9dyi','13800138003','','зҺӢдә”',1,NULL,'2026-05-05 17:16:53','2026-05-05 17:17:02',0,1);
INSERT INTO `sys_user` VALUES (5,'2021001004','$2a$10$0xEvtnj2DaccPqwRPbB.3u9tUAo0IPRfs9QMV8giJYXUl/9fp9dyi','13800138004','','иөөе…ӯ',1,NULL,'2026-05-05 17:16:53','2026-05-05 17:17:02',0,1);
INSERT INTO `sys_user` VALUES (6,'2021001005','$2a$10$0xEvtnj2DaccPqwRPbB.3u9tUAo0IPRfs9QMV8giJYXUl/9fp9dyi','13800138005','','й’ұдёғ',1,NULL,'2026-05-05 17:16:53','2026-05-05 17:17:02',0,1);
INSERT INTO `sys_user` VALUES (7,'merchant01','$2a$10$0xEvtnj2DaccPqwRPbB.3u9tUAo0IPRfs9QMV8giJYXUl/9fp9dyi','13900139001','','еј иҖҒжқҝ',1,'2026-05-16 03:57:10','2026-05-05 17:16:53','2026-05-05 17:17:02',0,2);
INSERT INTO `sys_user` VALUES (8,'merchant02','$2a$10$0xEvtnj2DaccPqwRPbB.3u9tUAo0IPRfs9QMV8giJYXUl/9fp9dyi','13900139002','','жқҺиҖҒжқҝ',1,NULL,'2026-05-05 17:16:53','2026-05-05 17:17:02',0,2);
INSERT INTO `sys_user` VALUES (9,'merchant03','$2a$10$0xEvtnj2DaccPqwRPbB.3u9tUAo0IPRfs9QMV8giJYXUl/9fp9dyi','13900139003','','зҺӢиҖҒжқҝ',1,NULL,'2026-05-05 17:16:53','2026-05-05 17:17:02',0,2);
INSERT INTO `sys_user` VALUES (10,'merchant04','$2a$10$0xEvtnj2DaccPqwRPbB.3u9tUAo0IPRfs9QMV8giJYXUl/9fp9dyi','13900139004','','иөөиҖҒжқҝ',1,NULL,'2026-05-05 17:16:53','2026-05-05 17:17:02',0,2);
INSERT INTO `sys_user` VALUES (11,'merchant05','$2a$10$0xEvtnj2DaccPqwRPbB.3u9tUAo0IPRfs9QMV8giJYXUl/9fp9dyi','13900139005','','еҲҳиҖҒжқҝ',1,NULL,'2026-05-05 17:16:53','2026-05-05 17:17:02',0,2);
INSERT INTO `sys_user` VALUES (12,'2021001006','$2a$10$0xEvtnj2DaccPqwRPbB.3u9tUAo0IPRfs9QMV8giJYXUl/9fp9dyi','13800138006','','еӯҷе…«',1,NULL,'2026-05-05 17:16:53','2026-05-05 17:17:02',0,1);
INSERT INTO `sys_user` VALUES (13,'2021001007','$2a$10$0xEvtnj2DaccPqwRPbB.3u9tUAo0IPRfs9QMV8giJYXUl/9fp9dyi','13800138007','','е‘Ёд№қ',1,NULL,'2026-05-05 17:16:53','2026-05-05 17:17:02',0,1);
INSERT INTO `sys_user` VALUES (14,'2021001008','$2a$10$0xEvtnj2DaccPqwRPbB.3u9tUAo0IPRfs9QMV8giJYXUl/9fp9dyi','13800138008','','еҗҙеҚҒ',1,NULL,'2026-05-05 17:16:53','2026-05-05 17:17:02',0,1);
INSERT INTO `sys_user` VALUES (15,'2021001009','$2a$10$0xEvtnj2DaccPqwRPbB.3u9tUAo0IPRfs9QMV8giJYXUl/9fp9dyi','13800138009','','йғ‘еҚҒдёҖ',1,NULL,'2026-05-05 17:16:53','2026-05-05 17:17:02',0,1);
INSERT INTO `sys_user` VALUES (16,'2021001010','$2a$10$0xEvtnj2DaccPqwRPbB.3u9tUAo0IPRfs9QMV8giJYXUl/9fp9dyi','13800138010','','еҶҜеҚҒдәҢ',1,NULL,'2026-05-05 17:16:53','2026-05-05 17:17:02',0,1);
INSERT INTO `sys_user` VALUES (17,'2021001011','$2a$10$0xEvtnj2DaccPqwRPbB.3u9tUAo0IPRfs9QMV8giJYXUl/9fp9dyi','13800138011','','йҷҲеҚҒдёү',1,NULL,'2026-05-05 17:16:53','2026-05-05 17:17:02',0,1);
INSERT INTO `sys_user` VALUES (18,'2021001012','$2a$10$0xEvtnj2DaccPqwRPbB.3u9tUAo0IPRfs9QMV8giJYXUl/9fp9dyi','13800138012','','иӨҡеҚҒеӣӣ',1,NULL,'2026-05-05 17:16:53','2026-05-05 17:17:02',0,1);
INSERT INTO `sys_user` VALUES (19,'2021001013','$2a$10$0xEvtnj2DaccPqwRPbB.3u9tUAo0IPRfs9QMV8giJYXUl/9fp9dyi','13800138013','','еҚ«еҚҒдә”',1,NULL,'2026-05-05 17:16:53','2026-05-05 17:17:02',0,1);
INSERT INTO `sys_user` VALUES (20,'2021001014','$2a$10$0xEvtnj2DaccPqwRPbB.3u9tUAo0IPRfs9QMV8giJYXUl/9fp9dyi','13800138014','','и’ӢеҚҒе…ӯ',1,NULL,'2026-05-05 17:16:53','2026-05-05 17:17:02',0,1);
INSERT INTO `sys_user` VALUES (21,'2021001015','$2a$10$0xEvtnj2DaccPqwRPbB.3u9tUAo0IPRfs9QMV8giJYXUl/9fp9dyi','13800138015','','жІҲеҚҒдёғ',1,NULL,'2026-05-05 17:16:53','2026-05-05 17:17:02',0,1);
INSERT INTO `sys_user` VALUES (22,'2021001016','$2a$10$0xEvtnj2DaccPqwRPbB.3u9tUAo0IPRfs9QMV8giJYXUl/9fp9dyi','13800138016','','йҹ©еҚҒе…«',1,NULL,'2026-05-05 17:16:53','2026-05-05 17:17:02',0,1);
INSERT INTO `sys_user` VALUES (23,'2021001017','$2a$10$0xEvtnj2DaccPqwRPbB.3u9tUAo0IPRfs9QMV8giJYXUl/9fp9dyi','13800138017','','жқЁеҚҒд№қ',1,NULL,'2026-05-05 17:16:53','2026-05-05 17:17:02',0,1);
INSERT INTO `sys_user` VALUES (24,'2021001018','$2a$10$0xEvtnj2DaccPqwRPbB.3u9tUAo0IPRfs9QMV8giJYXUl/9fp9dyi','13800138018','','жңұдәҢеҚҒ',1,NULL,'2026-05-05 17:16:53','2026-05-05 17:17:02',0,1);
INSERT INTO `sys_user` VALUES (25,'2021001019','$2a$10$0xEvtnj2DaccPqwRPbB.3u9tUAo0IPRfs9QMV8giJYXUl/9fp9dyi','13800138019','','з§ҰдәҢдёҖ',1,NULL,'2026-05-05 17:16:53','2026-05-05 17:17:02',0,1);
INSERT INTO `sys_user` VALUES (26,'2021001020','$2a$10$0xEvtnj2DaccPqwRPbB.3u9tUAo0IPRfs9QMV8giJYXUl/9fp9dyi','13800138020','','е°ӨдәҢдәҢ',1,NULL,'2026-05-05 17:16:53','2026-05-05 17:17:02',0,1);
INSERT INTO `sys_user` VALUES (27,'2021001021','$2a$10$0xEvtnj2DaccPqwRPbB.3u9tUAo0IPRfs9QMV8giJYXUl/9fp9dyi','13800138021','','и®ёдәҢдёү',1,NULL,'2026-05-05 17:16:53','2026-05-05 17:17:02',0,1);
INSERT INTO `sys_user` VALUES (28,'2021001022','$2a$10$0xEvtnj2DaccPqwRPbB.3u9tUAo0IPRfs9QMV8giJYXUl/9fp9dyi','13800138022','','дҪ•дәҢеӣӣ',1,NULL,'2026-05-05 17:16:53','2026-05-05 17:17:02',0,1);
INSERT INTO `sys_user` VALUES (29,'2021001023','$2a$10$0xEvtnj2DaccPqwRPbB.3u9tUAo0IPRfs9QMV8giJYXUl/9fp9dyi','13800138023','','еҗ•дәҢдә”',1,NULL,'2026-05-05 17:16:53','2026-05-05 17:17:02',0,1);
INSERT INTO `sys_user` VALUES (30,'2021001024','$2a$10$0xEvtnj2DaccPqwRPbB.3u9tUAo0IPRfs9QMV8giJYXUl/9fp9dyi','13800138024','','ж–ҪдәҢе…ӯ',1,NULL,'2026-05-05 17:16:53','2026-05-05 17:17:02',0,1);
INSERT INTO `sys_user` VALUES (31,'2021001025','$2a$10$0xEvtnj2DaccPqwRPbB.3u9tUAo0IPRfs9QMV8giJYXUl/9fp9dyi','13800138025','','еј дәҢдёғ',1,NULL,'2026-05-05 17:16:53','2026-05-05 17:17:02',0,1);
INSERT INTO `sys_user` VALUES (32,'2021001026','$2a$10$0xEvtnj2DaccPqwRPbB.3u9tUAo0IPRfs9QMV8giJYXUl/9fp9dyi','13800138026','','еӯ”дәҢе…«',1,NULL,'2026-05-05 17:16:53','2026-05-05 17:17:02',0,1);
INSERT INTO `sys_user` VALUES (33,'2021001027','$2a$10$0xEvtnj2DaccPqwRPbB.3u9tUAo0IPRfs9QMV8giJYXUl/9fp9dyi','13800138027','','жӣ№дәҢд№қ',1,NULL,'2026-05-05 17:16:53','2026-05-05 17:17:02',0,1);
INSERT INTO `sys_user` VALUES (34,'2021001028','$2a$10$0xEvtnj2DaccPqwRPbB.3u9tUAo0IPRfs9QMV8giJYXUl/9fp9dyi','13800138028','','дёҘдёүеҚҒ',1,NULL,'2026-05-05 17:16:53','2026-05-05 17:17:02',0,1);
INSERT INTO `sys_user` VALUES (35,'2021001029','$2a$10$0xEvtnj2DaccPqwRPbB.3u9tUAo0IPRfs9QMV8giJYXUl/9fp9dyi','13800138029','','еҚҺдёүеҚҒдёҖ',1,NULL,'2026-05-05 17:16:53','2026-05-05 17:17:02',0,1);
INSERT INTO `sys_user` VALUES (36,'2021001030','$2a$10$0xEvtnj2DaccPqwRPbB.3u9tUAo0IPRfs9QMV8giJYXUl/9fp9dyi','13800138030','','йҮ‘дёүдәҢ',1,NULL,'2026-05-05 17:16:53','2026-05-05 17:17:02',0,1);
/*!40000 ALTER TABLE `sys_user` ENABLE KEYS */;
UNLOCK TABLES;

--
-- Table structure for table `sys_user_role`
--

DROP TABLE IF EXISTS `sys_user_role`;
/*!40101 SET @saved_cs_client     = @@character_set_client */;
/*!50503 SET character_set_client = utf8mb4 */;
CREATE TABLE `sys_user_role` (
  `id` bigint(20) NOT NULL AUTO_INCREMENT COMMENT 'дё»й”® ID',
  `user_id` bigint(20) NOT NULL COMMENT 'з”ЁжҲ· ID',
  `role_id` bigint(20) NOT NULL COMMENT 'и§’иүІ ID',
  `create_time` datetime NOT NULL DEFAULT CURRENT_TIMESTAMP COMMENT 'еҲӣе»әж—¶й—ҙ',
  `update_time` datetime NOT NULL DEFAULT CURRENT_TIMESTAMP ON UPDATE CURRENT_TIMESTAMP COMMENT 'жӣҙж–°ж—¶й—ҙ',
  `is_deleted` tinyint(4) NOT NULL DEFAULT '0' COMMENT 'йҖ»иҫ‘еҲ йҷӨ',
  PRIMARY KEY (`id`),
  UNIQUE KEY `uk_user_role` (`user_id`,`role_id`),
  KEY `idx_user_id` (`user_id`),
  KEY `idx_role_id` (`role_id`)
) ENGINE=InnoDB AUTO_INCREMENT=37 DEFAULT CHARSET=utf8mb4 COLLATE=utf8mb4_unicode_ci COMMENT='з”ЁжҲ·и§’иүІе…іиҒ”иЎЁ';
/*!40101 SET character_set_client = @saved_cs_client */;

--
-- Dumping data for table `sys_user_role`
--

LOCK TABLES `sys_user_role` WRITE;
/*!40000 ALTER TABLE `sys_user_role` DISABLE KEYS */;
INSERT INTO `sys_user_role` VALUES (1,1,3,'2026-05-05 17:16:53','2026-05-05 17:16:53',0);
INSERT INTO `sys_user_role` VALUES (2,2,1,'2026-05-05 17:16:53','2026-05-05 17:16:53',0);
INSERT INTO `sys_user_role` VALUES (3,3,1,'2026-05-05 17:16:53','2026-05-05 17:16:53',0);
INSERT INTO `sys_user_role` VALUES (4,4,1,'2026-05-05 17:16:53','2026-05-05 17:16:53',0);
INSERT INTO `sys_user_role` VALUES (5,5,1,'2026-05-05 17:16:53','2026-05-05 17:16:53',0);
INSERT INTO `sys_user_role` VALUES (6,6,1,'2026-05-05 17:16:53','2026-05-05 17:16:53',0);
INSERT INTO `sys_user_role` VALUES (7,12,1,'2026-05-05 17:16:53','2026-05-05 17:16:53',0);
INSERT INTO `sys_user_role` VALUES (8,13,1,'2026-05-05 17:16:53','2026-05-05 17:16:53',0);
INSERT INTO `sys_user_role` VALUES (9,14,1,'2026-05-05 17:16:53','2026-05-05 17:16:53',0);
INSERT INTO `sys_user_role` VALUES (10,15,1,'2026-05-05 17:16:53','2026-05-05 17:16:53',0);
INSERT INTO `sys_user_role` VALUES (11,16,1,'2026-05-05 17:16:53','2026-05-05 17:16:53',0);
INSERT INTO `sys_user_role` VALUES (12,17,1,'2026-05-05 17:16:53','2026-05-05 17:16:53',0);
INSERT INTO `sys_user_role` VALUES (13,18,1,'2026-05-05 17:16:53','2026-05-05 17:16:53',0);
INSERT INTO `sys_user_role` VALUES (14,19,1,'2026-05-05 17:16:53','2026-05-05 17:16:53',0);
INSERT INTO `sys_user_role` VALUES (15,20,1,'2026-05-05 17:16:53','2026-05-05 17:16:53',0);
INSERT INTO `sys_user_role` VALUES (16,21,1,'2026-05-05 17:16:53','2026-05-05 17:16:53',0);
INSERT INTO `sys_user_role` VALUES (17,22,1,'2026-05-05 17:16:53','2026-05-05 17:16:53',0);
INSERT INTO `sys_user_role` VALUES (18,23,1,'2026-05-05 17:16:53','2026-05-05 17:16:53',0);
INSERT INTO `sys_user_role` VALUES (19,24,1,'2026-05-05 17:16:53','2026-05-05 17:16:53',0);
INSERT INTO `sys_user_role` VALUES (20,25,1,'2026-05-05 17:16:53','2026-05-05 17:16:53',0);
INSERT INTO `sys_user_role` VALUES (21,26,1,'2026-05-05 17:16:53','2026-05-05 17:16:53',0);
INSERT INTO `sys_user_role` VALUES (22,27,1,'2026-05-05 17:16:53','2026-05-05 17:16:53',0);
INSERT INTO `sys_user_role` VALUES (23,28,1,'2026-05-05 17:16:53','2026-05-05 17:16:53',0);
INSERT INTO `sys_user_role` VALUES (24,29,1,'2026-05-05 17:16:53','2026-05-05 17:16:53',0);
INSERT INTO `sys_user_role` VALUES (25,30,1,'2026-05-05 17:16:53','2026-05-05 17:16:53',0);
INSERT INTO `sys_user_role` VALUES (26,31,1,'2026-05-05 17:16:53','2026-05-05 17:16:53',0);
INSERT INTO `sys_user_role` VALUES (27,32,1,'2026-05-05 17:16:53','2026-05-05 17:16:53',0);
INSERT INTO `sys_user_role` VALUES (28,33,1,'2026-05-05 17:16:53','2026-05-05 17:16:53',0);
INSERT INTO `sys_user_role` VALUES (29,34,1,'2026-05-05 17:16:53','2026-05-05 17:16:53',0);
INSERT INTO `sys_user_role` VALUES (30,35,1,'2026-05-05 17:16:53','2026-05-05 17:16:53',0);
INSERT INTO `sys_user_role` VALUES (31,36,1,'2026-05-05 17:16:53','2026-05-05 17:16:53',0);
INSERT INTO `sys_user_role` VALUES (32,7,2,'2026-05-05 17:16:53','2026-05-05 17:16:53',0);
INSERT INTO `sys_user_role` VALUES (33,8,2,'2026-05-05 17:16:53','2026-05-05 17:16:53',0);
INSERT INTO `sys_user_role` VALUES (34,9,2,'2026-05-05 17:16:53','2026-05-05 17:16:53',0);
INSERT INTO `sys_user_role` VALUES (35,10,2,'2026-05-05 17:16:53','2026-05-05 17:16:53',0);
INSERT INTO `sys_user_role` VALUES (36,11,2,'2026-05-05 17:16:53','2026-05-05 17:16:53',0);
/*!40000 ALTER TABLE `sys_user_role` ENABLE KEYS */;
UNLOCK TABLES;

--
-- Table structure for table `user_address`
--

DROP TABLE IF EXISTS `user_address`;
/*!40101 SET @saved_cs_client     = @@character_set_client */;
/*!50503 SET character_set_client = utf8mb4 */;
CREATE TABLE `user_address` (
  `address_id` bigint(20) NOT NULL AUTO_INCREMENT COMMENT 'ең°еқҖID',
  `user_id` bigint(20) NOT NULL COMMENT 'е…іиҒ”з”ЁжҲ·ID',
  `receiver_name` varchar(32) COLLATE utf8mb4_unicode_ci NOT NULL COMMENT 'ж”¶иҙ§дәәе§“еҗҚ',
  `receiver_phone` varchar(11) COLLATE utf8mb4_unicode_ci NOT NULL COMMENT 'ж”¶иҙ§дәәжүӢжңәеҸ·',
  `campus_area` varchar(64) COLLATE utf8mb4_unicode_ci NOT NULL COMMENT 'ж ЎеҢә/еӣӯеҢә',
  `address_detail` varchar(255) COLLATE utf8mb4_unicode_ci NOT NULL COMMENT 'иҜҰз»Ҷең°еқҖпјҲеҰӮпјҡXXе®ҝиҲҚжҘјXXе®Өпјү',
  `is_default` tinyint(4) NOT NULL DEFAULT '0' COMMENT 'жҳҜеҗҰй»ҳи®Өең°еқҖпјҡ0-еҗҰ 1-жҳҜ',
  `create_time` datetime NOT NULL DEFAULT CURRENT_TIMESTAMP COMMENT 'еҲӣе»әж—¶й—ҙ',
  `update_time` datetime NOT NULL DEFAULT CURRENT_TIMESTAMP ON UPDATE CURRENT_TIMESTAMP COMMENT 'жӣҙж–°ж—¶й—ҙ',
  `is_deleted` tinyint(4) NOT NULL DEFAULT '0' COMMENT 'йҖ»иҫ‘еҲ йҷӨ',
  PRIMARY KEY (`address_id`),
  KEY `idx_user_id` (`user_id`),
  KEY `idx_is_default` (`is_default`)
) ENGINE=InnoDB AUTO_INCREMENT=34 DEFAULT CHARSET=utf8mb4 COLLATE=utf8mb4_unicode_ci COMMENT='з”ЁжҲ·ж”¶иҙ§ең°еқҖиЎЁ';
/*!40101 SET character_set_client = @saved_cs_client */;

--
-- Dumping data for table `user_address`
--

LOCK TABLES `user_address` WRITE;
/*!40000 ALTER TABLE `user_address` DISABLE KEYS */;
INSERT INTO `user_address` VALUES (1,2,'еј дёү','13800138001','дёңж ЎеҢә','3еҸ·жҘј502е®Ө',1,'2026-05-05 17:16:53','2026-05-14 14:54:19',0);
INSERT INTO `user_address` VALUES (2,2,'еј дёү','13800138001','дёңж ЎеҢә','еӣҫд№ҰйҰҶиҮӘд№ е®Ө',0,'2026-05-05 17:16:53','2026-05-10 00:13:34',0);
INSERT INTO `user_address` VALUES (3,3,'жқҺеӣӣ','13800138002','дёңж ЎеҢә','3еҸ·жҘј503е®Ө',1,'2026-05-05 17:16:53','2026-05-05 17:16:53',0);
INSERT INTO `user_address` VALUES (4,4,'зҺӢдә”','13800138003','иҘҝж ЎеҢә','5еҸ·жҘј301е®Ө',1,'2026-05-05 17:16:53','2026-05-05 17:16:53',0);
INSERT INTO `user_address` VALUES (5,5,'иөөе…ӯ','13800138004','иҘҝж ЎеҢә','5еҸ·жҘј302е®Ө',1,'2026-05-05 17:16:53','2026-05-05 17:16:53',0);
INSERT INTO `user_address` VALUES (6,6,'й’ұдёғ','13800138005','дёңж ЎеҢә','4еҸ·жҘј201е®Ө',1,'2026-05-05 17:16:53','2026-05-05 17:16:53',0);
INSERT INTO `user_address` VALUES (7,12,'еӯҷе…«','13800138006','дёңж ЎеҢә','6еҸ·жҘј101е®Ө',1,'2026-05-05 17:16:53','2026-05-05 17:16:53',0);
INSERT INTO `user_address` VALUES (8,13,'е‘Ёд№қ','13800138007','иҘҝж ЎеҢә','7еҸ·жҘј202е®Ө',1,'2026-05-05 17:16:53','2026-05-05 17:16:53',0);
INSERT INTO `user_address` VALUES (9,14,'еҗҙеҚҒ','13800138008','дёңж ЎеҢә','8еҸ·жҘј303е®Ө',1,'2026-05-05 17:16:53','2026-05-05 17:16:53',0);
INSERT INTO `user_address` VALUES (10,15,'йғ‘еҚҒдёҖ','13800138009','иҘҝж ЎеҢә','9еҸ·жҘј404е®Ө',1,'2026-05-05 17:16:53','2026-05-05 17:16:53',0);
INSERT INTO `user_address` VALUES (11,16,'еҶҜеҚҒдәҢ','13800138010','дёңж ЎеҢә','10еҸ·жҘј505е®Ө',1,'2026-05-05 17:16:53','2026-05-05 17:16:53',0);
INSERT INTO `user_address` VALUES (12,17,'йҷҲеҚҒдёү','13800138011','иҘҝж ЎеҢә','11еҸ·жҘј606е®Ө',1,'2026-05-05 17:16:53','2026-05-05 17:16:53',0);
INSERT INTO `user_address` VALUES (13,18,'иӨҡеҚҒеӣӣ','13800138012','дёңж ЎеҢә','12еҸ·жҘј707е®Ө',1,'2026-05-05 17:16:53','2026-05-05 17:16:53',0);
INSERT INTO `user_address` VALUES (14,19,'еҚ«еҚҒдә”','13800138013','иҘҝж ЎеҢә','13еҸ·жҘј808е®Ө',1,'2026-05-05 17:16:53','2026-05-05 17:16:53',0);
INSERT INTO `user_address` VALUES (15,20,'и’ӢеҚҒе…ӯ','13800138014','дёңж ЎеҢә','14еҸ·жҘј909е®Ө',1,'2026-05-05 17:16:53','2026-05-05 17:16:53',0);
INSERT INTO `user_address` VALUES (16,21,'жІҲеҚҒдёғ','13800138015','иҘҝж ЎеҢә','15еҸ·жҘј1010е®Ө',1,'2026-05-05 17:16:53','2026-05-05 17:16:53',0);
INSERT INTO `user_address` VALUES (17,22,'йҹ©еҚҒе…«','13800138016','дёңж ЎеҢә','16еҸ·жҘј1111е®Ө',1,'2026-05-05 17:16:53','2026-05-05 17:16:53',0);
INSERT INTO `user_address` VALUES (18,23,'жқЁеҚҒд№қ','13800138017','иҘҝж ЎеҢә','17еҸ·жҘј1212е®Ө',1,'2026-05-05 17:16:53','2026-05-05 17:16:53',0);
INSERT INTO `user_address` VALUES (19,24,'жңұдәҢеҚҒ','13800138018','дёңж ЎеҢә','18еҸ·жҘј1313е®Ө',1,'2026-05-05 17:16:53','2026-05-05 17:16:53',0);
INSERT INTO `user_address` VALUES (20,25,'з§ҰдәҢдёҖ','13800138019','иҘҝж ЎеҢә','19еҸ·жҘј1414е®Ө',1,'2026-05-05 17:16:53','2026-05-05 17:16:53',0);
INSERT INTO `user_address` VALUES (21,26,'е°ӨдәҢдәҢ','13800138020','дёңж ЎеҢә','20еҸ·жҘј1515е®Ө',1,'2026-05-05 17:16:53','2026-05-05 17:16:53',0);
INSERT INTO `user_address` VALUES (22,27,'и®ёдәҢдёү','13800138021','иҘҝж ЎеҢә','21еҸ·жҘј1616е®Ө',1,'2026-05-05 17:16:53','2026-05-05 17:16:53',0);
INSERT INTO `user_address` VALUES (23,28,'дҪ•дәҢеӣӣ','13800138022','дёңж ЎеҢә','22еҸ·жҘј1717е®Ө',1,'2026-05-05 17:16:53','2026-05-05 17:16:53',0);
INSERT INTO `user_address` VALUES (24,29,'еҗ•дәҢдә”','13800138023','иҘҝж ЎеҢә','23еҸ·жҘј1818е®Ө',1,'2026-05-05 17:16:53','2026-05-05 17:16:53',0);
INSERT INTO `user_address` VALUES (25,30,'ж–ҪдәҢе…ӯ','13800138024','дёңж ЎеҢә','24еҸ·жҘј1919е®Ө',1,'2026-05-05 17:16:53','2026-05-05 17:16:53',0);
INSERT INTO `user_address` VALUES (26,31,'еј дәҢдёғ','13800138025','иҘҝж ЎеҢә','25еҸ·жҘј2020е®Ө',1,'2026-05-05 17:16:53','2026-05-05 17:16:53',0);
INSERT INTO `user_address` VALUES (27,32,'еӯ”дәҢе…«','13800138026','дёңж ЎеҢә','26еҸ·жҘј2121е®Ө',1,'2026-05-05 17:16:53','2026-05-05 17:16:53',0);
INSERT INTO `user_address` VALUES (28,33,'жӣ№дәҢд№қ','13800138027','иҘҝж ЎеҢә','27еҸ·жҘј2222е®Ө',1,'2026-05-05 17:16:53','2026-05-05 17:16:53',0);
INSERT INTO `user_address` VALUES (29,34,'дёҘдёүеҚҒ','13800138028','дёңж ЎеҢә','28еҸ·жҘј2323е®Ө',1,'2026-05-05 17:16:53','2026-05-05 17:16:53',0);
INSERT INTO `user_address` VALUES (30,35,'еҚҺдёүеҚҒдёҖ','13800138029','иҘҝж ЎеҢә','29еҸ·жҘј2424е®Ө',1,'2026-05-05 17:16:53','2026-05-05 17:16:53',0);
INSERT INTO `user_address` VALUES (31,36,'йҮ‘дёүдәҢ','13800138030','дёңж ЎеҢә','30еҸ·жҘј2525е®Ө',1,'2026-05-05 17:16:53','2026-05-05 17:16:53',0);
INSERT INTO `user_address` VALUES (32,2,'е°ҸжҳҺ','13234345656','дёңеҢә','дёңж ЎеҢә',0,'2026-05-10 00:02:12','2026-05-10 00:11:08',1);
INSERT INTO `user_address` VALUES (33,2,'е°ҸжҳҺ','13224343456','дёңеҢә','дёңж ЎеҢә',0,'2026-05-10 01:38:26','2026-05-14 14:54:19',0);
/*!40000 ALTER TABLE `user_address` ENABLE KEYS */;
UNLOCK TABLES;
/*!40103 SET TIME_ZONE=@OLD_TIME_ZONE */;

/*!40101 SET SQL_MODE=@OLD_SQL_MODE */;
/*!40014 SET FOREIGN_KEY_CHECKS=@OLD_FOREIGN_KEY_CHECKS */;
/*!40014 SET UNIQUE_CHECKS=@OLD_UNIQUE_CHECKS */;
/*!40101 SET CHARACTER_SET_CLIENT=@OLD_CHARACTER_SET_CLIENT */;
/*!40101 SET CHARACTER_SET_RESULTS=@OLD_CHARACTER_SET_RESULTS */;
/*!40101 SET COLLATION_CONNECTION=@OLD_COLLATION_CONNECTION */;
/*!40111 SET SQL_NOTES=@OLD_SQL_NOTES */;

-- Dump completed on 2026-05-16  4:23:32
